c_estate,e_estate,pc_addr,pe_addr,scp_mktc,scp_mkte,min_opdate,max_opdate,blgcount,pc_dev,pe_dev,facilities_c,facilities_e,url
ºÑ³ö¥b®q,BELLAGIO,«C¤s¤½¸ô²`¤«¬q33¸¹,33 CASTLE PEAK ROAD SHAM TSENG,·s¬É¦è,NW,2003,2006,8,·|¼wÂ×/¤EÀs­Ü,WHEELOCK/THE WHARF,«Ç¥~ªa¦À¡B¨àµ£¹C¼Ö³õ / ¨àµ£¹CÀ¸«Ç¡B°·¨­«Ç¡B«ö¼¯¦À¡B®á®³¯D«Ç¡B»]®ğ¯D«Ç¡B¥â¥ã²y«Ç¡B¾À²y³õ¡Bºô²y³õ¡BÄx²y³õ¡B¦Ğ¤ò²y³õ¡B®à²y«Ç¡B¥d©ÔOK«Ç¡B¿N¯N³õ¡B¥i¾iª¯¡B°ªº¸¤Ò²y½m²ß³õ¡B¹q¸£«Ç¡B½w¶]®|¡B®b·|ÆU¡B¬ü®e¤¤¤ß¡B»RÁĞ«Ç¡B°·±d»R«Ç¡B¹q¸£­ôº¸¤Ò²y½m²ß«Ç,Swimming Pool¡BChildren Playground/Play Room¡BGymnasium¡BJacuzzi¡BSaunna Room¡BSteam Bath Room¡BTable Tennis¡BSquash Court¡BTennis Court¡BBasketball Court¡BBadminton Court¡BSnooker Room¡BKaraoke Room¡BBarbecue Area¡BPet Friendly¡BGolf Driving Range¡BComputer Room¡BJogging Trail¡BBall Room¡BBeauty Salon¡BDance Studio¡BAerobic Studio¡BGolf Simulator,http://hk.centadata.com/ptest.aspx?type=3&code=AAPPWPPEPB&ref=OpenData
«C©Éªá¶é,TSING YI GARDEN,«Cºñµó7-19¸¹,7-19 TSING LUK STREET,·s¬É¦è,NW,1986,1986,7,ªø¦¿,CK HUTCHISON,«Ç¥~ªa¦À¡B¹C¼Ö³õ / ¹CÀ¸«Ç¡Bºô²y³õ¡B¦Ğ¤ò²y³õ¡B½w¶]®|,Swimming Pool¡BPlayground/Playroom¡BTennis Court¡BBadminton Court¡BJogging Trail,http://hk.centadata.com/ptest.aspx?type=2&code=ABGKGPWOPP&ref=OpenData
»A©Éªá¶é,GREENFIELD GARDEN,·¬¾ğºÛ¸ô1¸¹,1 FUNG SHUE WO ROAD,·s¬É¦è,NW,1989,1990,11,·sÂE°ò/±¶©M,SUN HUNG KAI/CHIAP HUA,«Ç¥~ªa¦À¡B¨àµ£¼^¤ô¦À¡B¨àµ£¹C¼Ö³õ / ¨àµ£¹CÀ¸«Ç¡B°·¨­«Ç¡B®á®³¯D«Ç¡B¥â¥ã²y«Ç¡B¾À²y³õ¡Bºô²y³õ¡B¾\Åª«Ç / ·Å²ß«Ç¡B½w¶]®|,Swimming Pool¡BChildren's Pool¡BChildren Playground/Play Room¡BGymnasium¡BSaunna Room¡BTable Tennis¡BSquash Court¡BTennis Court¡BReading/Study Room¡BJogging Trail,http://hk.centadata.com/ptest.aspx?type=3&code=ABPAGPWXPP&ref=OpenData
¬Õ»A¥b®q,TIERRA VERDE,«C·q¸ô33¸¹,33 TSING KING ROAD,·s¬É¦è,NW,1999,1999,12,´äÅK/©M°O¶À®H/¤¤«H®õ´I/ªø¦¿,MTR/HUTCHISON WHAMPOA/CITIC PACIFIC/CK HUTCHISON,«Ç¥~ªa¦À¡B¨àµ£¼^¤ô¦À¡B¨àµ£¹C¼Ö³õ / ¨àµ£¹CÀ¸«Ç¡B°·¨­«Ç¡B¤é¥ú¯D³õ¡B®á®³¯D«Ç¡B¥â¥ã²y«Ç¡B¾À²y³õ¡Bºô²y³õ¡B®à²y«Ç¡B«OÄÖ²y³õ¡B°ªº¸¤Ò²y½m²ß³õ,Swimming Pool¡BChildren's Pool¡BChildren Playground/Play Room¡BGymnasium¡BSolarium¡BSaunna Room¡BTable Tennis¡BSquash Court¡BTennis Court¡BSnooker Room¡BBowling¡BGolf Driving Range,http://hk.centadata.com/ptest.aspx?type=3&code=ABPPGPWXPP&ref=OpenData
ºñ·¨·s?,LUK YEUNG SUN CHUEN,¿·¯ş¸ô22-66¸¹,22-66 WAI TSUEN ROAD,·s¬É¦è,NW,1983,1984,17,¸m¦aµo®i / ´äÅK / ©É©M / ¹´¥ú,HONG KONG LAND/MTR/JARDINE/KIU KWONG,¹C¼Ö³õ / ¹CÀ¸«Ç¡Bºô²y³õ¡BÄx²y³õ,Playground/Playroom¡BTennis Court¡BBasketball Court,http://hk.centadata.com/ptest.aspx?type=2&code=AEBKPPSJPK&ref=OpenData
ÄR«°ªá¶é,BELVEDERE GARDEN,«C¤s¤½¸ô¯şÆW¬q530-590¸¹,530-590 CASTLE PEAK ROAD TSUEN WAN,·s¬É¦è,NW,1987,1991,19,ªø¦¿,CK HUTCHISON,«Ç¥~ªa¦À¡B¹C¼Ö³õ / ¹CÀ¸«Ç¡B°·¨­«Ç¡B¾À²y³õ¡Bºô²y³õ¡BÄx²y³õ¡B¦Ğ¤ò²y³õ,Swimming Pool¡BPlayground/Playroom¡BGymnasium¡BSquash Court¡BTennis Court¡BBasketball Court¡BBadminton Court,http://hk.centadata.com/ptest.aspx?type=3&code=AEESBPPSPA&ref=OpenData
Àï®®®x,CHELSEA COURT,·¨«Î¹D90-114¸¹,90-114 YEUNG UK ROAD,·s¬É¦è,NW,2005,2005,4,·sÂE°ò,SUN HUNG KAI,«Ç¤ºªa¦À¡B«Ç¥~ªa¦À¡B¨àµ£¹C¼Ö³õ / ¨àµ£¹CÀ¸«Ç¡B«ö¼¯¦À¡B®á®³¯D«Ç¡B»]®ğ¯D«Ç¡BÄx²y³õ¡B¹q¼v°|¡B¿N¯N³õ¡B¥i¾iª¯¡B¾\Åª«Ç / ·Å²ß«Ç¡B¬X¹D / ·ì¦÷½m²ß«Ç,Indoor Swimming Pool¡BSwimming Pool¡BChildren Playground/Play Room¡BJacuzzi¡BSaunna Room¡BSteam Bath Room¡BBasketball Court¡BMovie Theater¡BBarbecue Area¡BPet Friendly¡BReading/Study Room¡BJudo/Yoga Room,http://hk.centadata.com/ptest.aspx?type=2&code=AEPPWPPRPK&ref=OpenData
®üÀØªá¶é,RIVIERA GARDENS,©É¼Öµó2-12¸¹,2-12 YI LOK STREET,·s¬É¦è,NW,1988,1989,20,·s¥@¬É/¼w¤h¥j,NEW WORLD/TEXACO,«Ç¥~ªa¦À¡B¹C¼Ö³õ / ¹CÀ¸«Ç¡B°·¨­«Ç¡B¾À²y³õ¡Bºô²y³õ¡BÄx²y³õ¡B¦Ğ¤ò²y³õ¡B½w¶]®|,Swimming Pool¡BPlayground/Playroom¡BGymnasium¡BSquash Court¡BTennis Court¡BBasketball Court¡BBadminton Court¡BJogging Trail,http://hk.centadata.com/ptest.aspx?type=2&code=AEWPPPSOPW&ref=OpenData
®ö»A¶é,SEA CREST VILLA,«C¤s¤½¸ô«CÀsÀY¬q18¸¹,18 CASTLE PEAK ROAD TSING LUNG TAU,·s¬É¦è,NW,1992,1995,13,·sÂE°ò,SUN HUNG KAI,«Ç¥~ªa¦À¡B¨àµ£¹C¼Ö³õ / ¨àµ£¹CÀ¸«Ç¡B°·¨­«Ç¡B®á®³¯D«Ç¡B¥â¥ã²y«Ç¡B¾À²y³õ¡Bºô²y³õ¡B®à²y«Ç¡B¥i¾iª¯¡B®b·|ÆU,Swimming Pool¡BChildren Playground/Play Room¡BGymnasium¡BSaunna Room¡BTable Tennis¡BSquash Court¡BTennis Court¡BSnooker Room¡BPet Friendly¡BBall Room,http://hk.centadata.com/ptest.aspx?type=3&code=AKPPGPGHPP&ref=OpenData
²o´¸¶¡,DAWNING VIEWS,¤@»ï¸ô23¸¹,23 YAT MING ROAD,·s¬ÉªF,NE,1999,1999,12,«í°ò,HENDERSON,«Ç¥~ªa¦À¡B¨àµ£¹C¼Ö³õ / ¨àµ£¹CÀ¸«Ç¡B°·¨­«Ç¡B«ö¼¯¦À¡B¤é¥ú¯D³õ¡B®á®³¯D«Ç¡B»]®ğ¯D«Ç¡B¥â¥ã²y«Ç¡B¾À²y³õ¡Bºô²y³õ¡B®à²y«Ç¡B¥i¾iª¯¡B°·±d»R«Ç¡B¹q¸£­ôº¸¤Ò²y½m²ß«Ç,Swimming Pool¡BChildren Playground/Play Room¡BGymnasium¡BJacuzzi¡BSolarium¡BSaunna Room¡BSteam Bath Room¡BTable Tennis¡BSquash Court¡BTennis Court¡BSnooker Room¡BPet Friendly¡BAerobic Studio¡BGolf Simulator,http://hk.centadata.com/ptest.aspx?type=2&code=BDAAGPYXPA&ref=OpenData
YOHO TOWN,YOHO TOWN,¤¸Àsµó8¸¹,8 YUEN LUNG STREET,·s¬É¦è,NW,2004,2010,16,·sÂE°ò,SUN HUNG KAI,«Ç¥~ªa¦À¡B¨àµ£¼^¤ô¦À¡B¨àµ£¹C¼Ö³õ / ¨àµ£¹CÀ¸«Ç¡B°·¨­«Ç¡B«ö¼¯¦À¡B¤é¥ú¯D³õ¡B®á®³¯D«Ç¡B»]®ğ¯D«Ç¡B¥â¥ã²y«Ç¡B«OÄÖ²y³õ¡B¥d©ÔOK«Ç¡B¥i¾iª¯¡B­µ¼Ö«Ç¡B¾\Åª«Ç / ·Å²ß«Ç¡B®b·|ÆU¡B°·±d»R«Ç¡B¬X¹D / ·ì¦÷½m²ß«Ç,Swimming Pool¡BChildren's Pool¡BChildren Playground/Play Room¡BGymnasium¡BJacuzzi¡BSolarium¡BSaunna Room¡BSteam Bath Room¡BTable Tennis¡BBowling¡BKaraoke Room¡BPet Friendly¡BMusic Room¡BReading/Study Room¡BBall Room¡BAerobic Studio¡BJudo/Yoga Room,http://hk.centadata.com/ptest.aspx?type=3&code=BEPPWPPAPK&ref=OpenData
ªö¸­®x,THE PARCVILLE,¤¸®ÔÂÂ¼V¸ô33¸¹,33 YUEN LONG KAU HUI ROAD,·s¬É¦è,NW,2002,2002,14,·sÂE°ò/·s¥@¬É,SUN HUNG KAI/NEW WORLD,«Ç¤ºªa¦À¡B«Ç¥~ªa¦À¡B¨àµ£¹C¼Ö³õ / ¨àµ£¹CÀ¸«Ç¡B°·¨­«Ç¡B«ö¼¯¦À¡B¥â¥ã²y«Ç¡B¦Ğ¤ò²y³õ¡B®à²y«Ç¡B¥i¾iª¯¡B¾\Åª«Ç / ·Å²ß«Ç¡B¹q¸£«Ç¡B®b·|ÆU¡B°·±d»R«Ç,Indoor Swimming Pool¡BSwimming Pool¡BChildren Playground/Play Room¡BGymnasium¡BJacuzzi¡BTable Tennis¡BBadminton Court¡BSnooker Room¡BPet Friendly¡BReading/Study Room¡BComputer Room¡BBall Room¡BAerobic Studio,http://hk.centadata.com/ptest.aspx?type=2&code=BEPPWPPEPK&ref=OpenData
½º»A®p,SERENO VERDE,¤j´Å¸ô99¸¹,99 TAI TONG ROAD,·s¬É¦è,NW,2001,2002,16,·s¥@¬É/«í°ò,NEW WORLD/HENDERSON,«Ç¥~ªa¦À¡B¨àµ£¼^¤ô¦À¡B¨àµ£¹C¼Ö³õ / ¨àµ£¹CÀ¸«Ç¡B°·¨­«Ç¡B«ö¼¯¦À¡B®á®³¯D«Ç¡B»]®ğ¯D«Ç¡B¥â¥ã²y«Ç¡B®à²y«Ç¡B¥d©ÔOK«Ç¡B¿N¯N³õ¡B¥i¾iª¯¡B­µ¼Ö«Ç¡B¾\Åª«Ç / ·Å²ß«Ç¡B¹q¸£«Ç¡B®b·|ÆU¡B¤Ó·¥°é¡B°·±d»R«Ç,Swimming Pool¡BChildren's Pool¡BChildren Playground/Play Room¡BGymnasium¡BJacuzzi¡BSaunna Room¡BSteam Bath Room¡BTable Tennis¡BSnooker Room¡BKaraoke Room¡BBarbecue Area¡BPet Friendly¡BMusic Room¡BReading/Study Room¡BComputer Room¡BBall Room¡BTai Chi Circle¡BAerobic Studio,http://hk.centadata.com/ptest.aspx?type=3&code=BEPPWPPEPW&ref=OpenData
·s¤Ùªù¤¤¤ß,SUN TUEN MUN CENTRE,Àsªù¸ô55-65¸¹,55-65 LUNG MUN ROAD,·s¬É¦è,NW,1990,1990,10,·sÂE°ò/´äÅK,SUN HUNG KAI/MTR,«Ç¥~ªa¦À¡B¹C¼Ö³õ / ¹CÀ¸«Ç¡B°·¨­«Ç¡B¥â¥ã²y«Ç¡B¾À²y³õ¡Bºô²y³õ¡B¦Ğ¤ò²y³õ¡B¾\Åª«Ç / ·Å²ß«Ç¡B§ó¦ç«Ç,Swimming Pool¡BPlayground/Playroom¡BGymnasium¡BTable Tennis¡BSquash Court¡BTennis Court¡BBadminton Court¡BReading/Study Room¡BChanging Room,http://hk.centadata.com/ptest.aspx?type=2&code=BGSSBPAXPS&ref=OpenData
¬f¼z»¨¶é,CENTRAL PARK TOWERS,¤Ñ¤ô³ò,TIN SHUI WAI,·s¬É¦è,NW,2007,2010,8,ªø¦¿,CK HUTCHISON,«Ç¥~ªa¦À¡B¨àµ£¹C¼Ö³õ / ¨àµ£¹CÀ¸«Ç¡B«ö¼¯¦À¡B®á®³¯D«Ç¡B»]®ğ¯D«Ç¡B®à²y«Ç¡B«OÄÖ²y³õ¡B¥d©ÔOK«Ç¡B¹q¼v°|¡B°ªº¸¤Ò²y½m²ß³õ¡B¾\Åª«Ç / ·Å²ß«Ç¡B¤Ó·¥°é¡B³Â³¶©Ğ¡B­»ÂÈ¤ôÀø,Swimming Pool¡BChildren Playground/Play Room¡BJacuzzi¡BSaunna Room¡BSteam Bath Room¡BSnooker Room¡BBowling¡BKaraoke Room¡BMovie Theater¡BGolf Driving Range¡BReading/Study Room¡BTai Chi Circle¡BMarjong¡BArome Spa,http://hk.centadata.com/ptest.aspx?type=3&code=BSPPWPPJPP&ref=OpenData
¯»À­¤¤¤ß,FANLING CENTRE,·s¹B¸ô33¸¹,33 SAN WAN ROAD,·s¬ÉªF,NE,1990,1991,11,«í°ò,HENDERSON LAND,«Ç¥~ªa¦À¡B¨àµ£¹C¼Ö³õ / ¨àµ£¹CÀ¸«Ç¡B¥â¥ã²y«Ç¡Bºô²y³õ¡B¥­¥xªá¶é¡B¥ğ¾Í¶®®y,Swimming Pool¡BChildren Playground/Play Room¡BTable Tennis¡BTennis Court¡BTerrence Garden¡BOpen Lounge,http://hk.centadata.com/ptest.aspx?type=3&code=BYSPWPDOPA&ref=OpenData
®ü¨åÆW,OCEAN VIEW,«O®õ»Î1¸¹,1 PO TAI STREET,·s¬ÉªF,NE,2003,2003,5,«H©M,SINO GROUP,«Ç¥~ªa¦À¡B¨àµ£¹C¼Ö³õ / ¨àµ£¹CÀ¸«Ç¡B«ö¼¯¦À¡B®á®³¯D«Ç¡B»]®ğ¯D«Ç¡B¥â¥ã²y«Ç¡Bºô²y³õ¡B­µ¼Ö«Ç¡B¹q¸£«Ç¡B¬ü®e¤¤¤ß¡B°·±d»R«Ç,Swimming Pool¡BChildren Playground/Play Room¡BJacuzzi¡BSaunna Room¡BSteam Bath Room¡BTable Tennis¡BTennis Court¡BMusic Room¡BComputer Room¡BBeauty Salon¡BAerobic Studio,http://hk.centadata.com/ptest.aspx?type=2&code=DBPPWPPHPD&ref=OpenData
¦W«°,FESTIVAL CITY,¬ü¥Ğ¸ô1¸¹,1 MEI TIN ROAD,·s¬ÉªF,NE,2010,2011,12,ªø¦¿ / ´äÅK,CK HUTCHISON/MTR,«Ç¥~ªa¦À¡B¨àµ£¼^¤ô¦À¡B¹C¼Ö³õ / ¹CÀ¸«Ç¡B°·¨­«Ç¡B«ö¼¯¦À¡B¤é¥ú¯D³õ¡B®á®³¯D«Ç¡B»]®ğ¯D«Ç¡B¥â¥ã²y«Ç¡BÄx²y³õ¡B®à²y«Ç¡B«OÄÖ²y³õ¡B¥d©ÔOK«Ç¡B¹q¼v°|¡B­µ¼Ö«Ç¡B¾\Åª«Ç / ·Å²ß«Ç¡B¹Ï®ÑÀ]¡B»RÁĞ«Ç¡B°·±d»R«Ç¡B¬X¹D / ·ì¦÷½m²ß«Ç¡B¦h¥Î³~¬¡°Ê«Ç,Swimming Pool¡BChildren's Pool¡BPlayground/Playroom¡BGymnasium¡BJacuzzi¡BSolarium¡BSaunna Room¡BSteam Bath Room¡BTable Tennis¡BBasketball Court¡BSnooker Room¡BBowling¡BKaraoke Room¡BMovie Theater¡BMusic Room¡BReading/Study Room¡BLibrary¡BDance Studio¡BAerobic Studio¡BJudo/Yoga Room¡BMulti-purpose Room,http://hk.centadata.com/ptest.aspx?type=3&code=DBPPWPPJPW&ref=OpenData
±sÀs¤s,THE PALAZZO,¼Ö´ºµó28¸¹,28 LOK KING STREET,·s¬ÉªF,NE,2008,2008,10,«H©M,SINO GROUP,«Ç¤ºªa¦À¡B«Ç¥~ªa¦À¡B¨àµ£¼^¤ô¦À¡B¨àµ£¹C¼Ö³õ / ¨àµ£¹CÀ¸«Ç¡B°·¨­«Ç¡B®á®³¯D«Ç¡B»]®ğ¯D«Ç¡B¥â¥ã²y«Ç¡Bºô²y³õ¡B«OÄÖ²y³õ¡B¥d©ÔOK«Ç¡B¹q¼v°|¡B­µ¼Ö«Ç¡B®b·|ÆU¡B°·±d»R«Ç¡B­»ÂÈ¤ôÀø,Indoor Swimming Pool¡BSwimming Pool¡BChildren's Pool¡BChildren Playground/Play Room¡BGymnasium¡BSaunna Room¡BSteam Bath Room¡BTable Tennis¡BTennis Court¡BBowling¡BKaraoke Room¡BMovie Theater¡BMusic Room¡BBall Room¡BAerobic Studio¡BArome Spa,http://hk.centadata.com/ptest.aspx?type=2&code=DBPPWPPYPA&ref=OpenData
»A¾ÖµØ®x,MONTE VISTA,¨F¦wµó9¸¹,9 SHA ON STREET,·s¬ÉªF,NE,2000,2000,12,©M°O¶À®H,HUTCHISON WHAMPOA,«Ç¤ºªa¦À¡B«Ç¥~ªa¦À¡B¨àµ£¹C¼Ö³õ / ¨àµ£¹CÀ¸«Ç¡B°·¨­«Ç¡B®á®³¯D«Ç¡B¥â¥ã²y«Ç¡B¾À²y³õ¡B®à²y«Ç¡B«OÄÖ²y³õ¡B¹q¼v°|¡B°ªº¸¤Ò²y½m²ß³õ¡B®b·|ÆU¡B°·±d»R«Ç,Indoor Swimming Pool¡BSwimming Pool¡BChildren Playground/Play Room¡BGymnasium¡BSaunna Room¡BTable Tennis¡BSquash Court¡BSnooker Room¡BBowling¡BMovie Theater¡BGolf Driving Range¡BBall Room¡BAerobic Studio,http://hk.centadata.com/ptest.aspx?type=2&code=DBPPWPPYPD&ref=OpenData
®ü¬fªá¶é,BAYSHORE TOWERS,¦è¨F¸ô608¸¹,608 SAI SHA ROAD,·s¬ÉªF,NE,1994,1994,6,ªø¦¿,CK HUTCHISON,«Ç¥~ªa¦À¡B¨àµ£¹C¼Ö³õ / ¨àµ£¹CÀ¸«Ç¡B¶éªLªá¶é,Swimming Pool¡BChildren Playground/Play Room¡BLandscape Garden,http://hk.centadata.com/ptest.aspx?type=2&code=DFRRURJVRV&ref=OpenData
·sÄ_«°,LA CITE NOBLE,»È¿D¸ô1¸¹,1 NGAN O ROAD,¤EÀs,KL,1999,1999,6,«í°ò,HENDERSON,«Ç¥~ªa¦À¡B¨àµ£¹C¼Ö³õ / ¨àµ£¹CÀ¸«Ç¡B°·¨­«Ç¡B«ö¼¯¦À¡B¤é¥ú¯D³õ¡B®á®³¯D«Ç¡B»]®ğ¯D«Ç¡B¥â¥ã²y«Ç¡B¾À²y³õ¡Bºô²y³õ¡B®à²y«Ç¡B¥d©ÔOK«Ç¡B¿N¯N³õ¡B°ªº¸¤Ò²y½m²ß³õ¡B­µ¼Ö«Ç¡B¾\Åª«Ç / ·Å²ß«Ç¡B¹Ï®ÑÀ]¡B¹q¸£«Ç¡B°·±d»R«Ç¡B¹q¸£­ôº¸¤Ò²y½m²ß«Ç,Swimming Pool¡BChildren Playground/Play Room¡BGymnasium¡BJacuzzi¡BSolarium¡BSaunna Room¡BSteam Bath Room¡BTable Tennis¡BSquash Court¡BTennis Court¡BSnooker Room¡BKaraoke Room¡BBarbecue Area¡BGolf Driving Range¡BMusic Room¡BReading/Study Room¡BLibrary¡BComputer Room¡BAerobic Studio¡BGolf Simulator,http://hk.centadata.com/ptest.aspx?type=2&code=DJODQRSJRQ&ref=OpenData
ªF´ä«°,EAST POINT CITY,­«µØ¸ô8¸¹,8 CHUNG WA ROAD,¤EÀs,KL,1997,1997,7,·sÂE°ò,SUN HUNG KAI,«Ç¥~ªa¦À¡B¨àµ£¼^¤ô¦À¡B¨àµ£¹C¼Ö³õ / ¨àµ£¹CÀ¸«Ç¡B°·¨­«Ç¡B®á®³¯D«Ç¡B¾À²y³õ¡Bºô²y³õ¡BÄx²y³õ¡B¦Ğ¤ò²y³õ¡B®à²y«Ç¡B¾\Åª«Ç / ·Å²ß«Ç¡B®b·|ÆU¡B°·±d»R«Ç,Swimming Pool¡BChildren's Pool¡BChildren Playground/Play Room¡BGymnasium¡BSaunna Room¡BSquash Court¡BTennis Court¡BBasketball Court¡BBadminton Court¡BSnooker Room¡BReading/Study Room¡BBall Room¡BAerobic Studio,http://hk.centadata.com/ptest.aspx?type=2&code=DJRRQRSJRQ&ref=OpenData
´r´º·s«°,DISCOVERY PARK,«C¤s¤½¸ô¯şÆW¬q398¸¹,398 CASTLE PEAK ROAD TSUEN WAN,·s¬É¦è,NW,1997,1998,12,·s¥@¬É/­»´ä¿³·~,NEW WORLD/HKR INTERNATIONAL,«Ç¥~ªa¦À¡B¨àµ£¹C¼Ö³õ / ¨àµ£¹CÀ¸«Ç¡B°·¨­«Ç¡B®á®³¯D«Ç¡B»]®ğ¯D«Ç¡B¥â¥ã²y«Ç¡B¾À²y³õ¡Bºô²y³õ¡B¦Ğ¤ò²y³õ¡B¹q¼v°|¡B°ªº¸¤Ò²y½m²ß³õ¡B¾\Åª«Ç / ·Å²ß«Ç¡B½w¶]®|¡B®b·|ÆU¡B»RÁĞ«Ç¡B°·±d»R«Ç,Swimming Pool¡BChildren Playground/Play Room¡BGymnasium¡BSaunna Room¡BSteam Bath Room¡BTable Tennis¡BSquash Court¡BTennis Court¡BBadminton Court¡BMovie Theater¡BGolf Driving Range¡BReading/Study Room¡BJogging Trail¡BBall Room¡BDance Studio¡BAerobic Studio,http://hk.centadata.com/ptest.aspx?type=3&code=DMHSZHHRHD&ref=OpenData
ÄR³£ªá¶é,LIDO GARDEN,«C¤s¤½¸ô²`¤«¬q41-63¸¹,41-63 CASTLE PEAK ROAD SHAM TSENG,·s¬É¦è,NW,1989,1989,5,ªø¦¿/ºµ¨¦²Õ,CK HUTCHISON/KUMAGAI GUMI,«Ç¥~ªa¦À¡B°·¨­«Ç¡B«ö¼¯¦À¡Bºô²y³õ¡B¥­¥xªá¶é,Swimming Pool¡BGymnasium¡BJacuzzi¡BTennis Court¡BTerrence Garden,http://hk.centadata.com/ptest.aspx?type=2&code=DZHHZHTYHH&ref=OpenData
¥b¤s³ü¸¹,CELESTIAL HEIGHTS,±`²±µó80¸¹,80 SHEUNG SHING STREET,¤EÀs,KL,2009,2009,33,ªø¦¿ / «nÂ×,CK HUTCHISON/NAN FUNG,«Ç¤ºªa¦À¡B«Ç¥~ªa¦À¡B°·¨­«Ç¡B®à²y«Ç,Indoor Swimming Pool¡BSwimming Pool¡BGymnasium¡BSnooker Room,http://hk.centadata.com/ptest.aspx?type=3&code=EAPPWPPJPD&ref=OpenData
µØ´º¤s²ø,WONDERLAND VILLAS,µØ´º¤s¸ô9¸¹,9 WAH KING HILL ROAD,¤EÀs,KL,1984,1987,22,·sÂE°ò/«í°ò,SUN HUNG KAI/HENDERSON,«Ç¥~ªa¦À¡B¨àµ£¹C¼Ö³õ / ¨àµ£¹CÀ¸«Ç¡B¹C¼Ö³õ / ¹CÀ¸«Ç¡B°·¨­«Ç¡B®á®³¯D«Ç¡B¥â¥ã²y«Ç¡B¾À²y³õ¡Bºô²y³õ¡B®à²y«Ç¡B¾\Åª«Ç / ·Å²ß«Ç¡B°g§A°s§a,Swimming Pool¡BChildren Playground/Play Room¡BPlayground/Playroom¡BGymnasium¡BSaunna Room¡BTable Tennis¡BSquash Court¡BTennis Court¡BSnooker Room¡BReading/Study Room¡BMnin Bar,http://hk.centadata.com/ptest.aspx?type=2&code=EBBKWPWEPD&ref=OpenData
²¦¬[¤s¤@¸¹,ONE BEACON HILL,²¦¬[¤s¹D1¸¹,1 BEACON HILL ROAD,¤EÀs,KL,2004,2004,16,ªø¦¿,CK HUTCHISON,«Ç¤ºªa¦À¡B«Ç¥~ªa¦À¡B°·¨­«Ç¡B®á®³¯D«Ç¡B®à²y«Ç¡B¹q¼v°|¡B­µ¼Ö«Ç¡B®b·|ÆU,Indoor Swimming Pool¡BSwimming Pool¡BGymnasium¡BSaunna Room¡BSnooker Room¡BMovie Theater¡BMusic Room¡BBall Room,http://hk.centadata.com/ptest.aspx?type=3&code=EDPPWPPJPS&ref=OpenData
§gÀ[®p,PARC PALAIS,¨Ê¤h¬f½Ã²z¹D18¸¹,18 KING'S PARK WYLIE ROAD,¤EÀs,KL,2004,2004,8,·s¥@¬É/«H©M/¤EÀs­Ü/µØ¤H¸m·~/¸U®õ,NEW WORLD/SINO GROUP/THE WHARF/CHINESE ESTATES/MANHATTAN GARMENTS,«Ç¤ºªa¦À¡B«Ç¥~ªa¦À¡B¨àµ£¹C¼Ö³õ / ¨àµ£¹CÀ¸«Ç¡B¹C¼Ö³õ / ¹CÀ¸«Ç¡B°·¨­«Ç¡B®á®³¯D«Ç¡Bºô²y³õ¡B®à²y«Ç¡B¾\Åª«Ç / ·Å²ß«Ç¡B®b·|ÆU¡B§ó¦ç«Ç,Indoor Swimming Pool¡BSwimming Pool¡BChildren Playground/Play Room¡BPlayground/Playroom¡BGymnasium¡BSaunna Room¡BTennis Court¡BSnooker Room¡BReading/Study Room¡BBall Room¡BChanging Room,http://hk.centadata.com/ptest.aspx?type=2&code=EEPPWPPEPG&ref=OpenData
´äÆW»¨®x,METRO HARBOUR VIEW,ºÖ§Qµó8¸¹,8 FUK LEE STREET,¤EÀs,KL,2003,2003,10,«í°ò/­»´ä¤p½ü,HENDERSON/HONG KONG FERRY,«Ç¥~ªa¦À¡B¨àµ£¹C¼Ö³õ / ¨àµ£¹CÀ¸«Ç¡B°·¨­«Ç¡B®á®³¯D«Ç¡B»]®ğ¯D«Ç¡B¥â¥ã²y«Ç¡B¾À²y³õ¡B¦Ğ¤ò²y³õ¡B®à²y«Ç¡B«OÄÖ²y³õ¡B¥d©ÔOK«Ç¡B­µ¼Ö«Ç¡B¾\Åª«Ç / ·Å²ß«Ç¡B¹Ï®ÑÀ]¡B®b·|ÆU¡B»RÁĞ«Ç¡B¹q¸£­ôº¸¤Ò²y½m²ß«Ç,Swimming Pool¡BChildren Playground/Play Room¡BGymnasium¡BSaunna Room¡BSteam Bath Room¡BTable Tennis¡BSquash Court¡BBadminton Court¡BSnooker Room¡BBowling¡BKaraoke Room¡BMusic Room¡BReading/Study Room¡BLibrary¡BBall Room¡BDance Studio¡BGolf Simulator,http://hk.centadata.com/ptest.aspx?type=3&code=EEPPWPPEPS&ref=OpenData
¬f´ºÆW,PARK AVENUE,®ü®x¹D18¸¹,18 HOI TING ROAD,¤EÀs,KL,2001,2001,9,«H©M/´äÅK,SINO/MTR,«Ç¤ºªa¦À¡B«Ç¥~ªa¦À¡B¨àµ£¼^¤ô¦À¡B¨àµ£¹C¼Ö³õ / ¨àµ£¹CÀ¸«Ç¡B°·¨­«Ç¡B¤é¥ú¯D³õ¡B®á®³¯D«Ç¡B»]®ğ¯D«Ç¡B¥â¥ã²y«Ç¡B¾À²y³õ¡Bºô²y³õ¡BÄx²y³õ¡B¦Ğ¤ò²y³õ¡B®à²y«Ç¡B°ªº¸¤Ò²y½m²ß³õ¡B¯D¨¬¦À / °·¨¬«ö¼¯«Ç¡B°·±d»R«Ç,Indoor Swimming Pool¡BSwimming Pool¡BChildren's Pool¡BChildren Playground/Play Room¡BGymnasium¡BSolarium¡BSaunna Room¡BSteam Bath Room¡BTable Tennis¡BSquash Court¡BTennis Court¡BBasketball Court¡BBadminton Court¡BSnooker Room¡BGolf Driving Range¡BFoot Massage¡BAerobic Studio,http://hk.centadata.com/ptest.aspx?type=3&code=EEPPWPPEPW&ref=OpenData
ºû´äÆW,ISLAND HARBOURVIEW,®ü½÷¹D11¸¹,11 HOI FAI ROAD,¤EÀs,KL,2000,2000,9,«H©M¸m·~/¤¤»È­»´ä/¬P®i»È¦æ/¹Å¨½«Ø³]/´äÅK,SINO GROUP/BOC/DBS/KERRY/MTR,«Ç¤ºªa¦À¡B«Ç¥~ªa¦À¡B¨àµ£¼^¤ô¦À¡B¨àµ£¹C¼Ö³õ / ¨àµ£¹CÀ¸«Ç¡B°·¨­«Ç¡B®á®³¯D«Ç¡B»]®ğ¯D«Ç¡B¥â¥ã²y«Ç¡B¾À²y³õ¡Bºô²y³õ¡B¦Ğ¤ò²y³õ¡B®à²y«Ç¡B°ªº¸¤Ò²y½m²ß³õ¡B°·±d»R«Ç,Indoor Swimming Pool¡BSwimming Pool¡BChildren's Pool¡BChildren Playground/Play Room¡BGymnasium¡BSaunna Room¡BSteam Bath Room¡BTable Tennis¡BSquash Court¡BTennis Court¡BBadminton Court¡BSnooker Room¡BGolf Driving Range¡BAerobic Studio,http://hk.centadata.com/ptest.aspx?type=2&code=EEPPWPPJPW&ref=OpenData
«Ò®p¡E¬Ó·µ,THE HERMITAGE,®üªl¹D1¸¹,1 HOI WANG ROAD,¤EÀs,KL,2010,2010,6,«H©M / µØ¤H¸m·~ / «nÂ×,SINO GROUP/CHINESE ESTATES/NAN FUNG,«Ç¤ºªa¦À¡B«Ç¥~ªa¦À¡B¨àµ£¼^¤ô¦À¡B¨àµ£¹C¼Ö³õ / ¨àµ£¹CÀ¸«Ç¡B°·¨­«Ç¡B«ö¼¯¦À¡B¤é¥ú¯D³õ¡B®á®³¯D«Ç¡B¥â¥ã²y«Ç¡B¦Ğ¤ò²y³õ¡B®à²y«Ç¡B°ªº¸¤Ò²y½m²ß³õ¡B­µ¼Ö«Ç¡B¹Ï®ÑÀ]¡B®b·|ÆU¡B¬ü®e¤¤¤ß¡B­»ÂÈ¤ôÀø¡B§ó¦ç«Ç¡B¥­¥xªá¶é¡B¥ğ¾Í¶®®y,Indoor Swimming Pool¡BSwimming Pool¡BChildren's Pool¡BChildren Playground/Play Room¡BGymnasium¡BJacuzzi¡BSolarium¡BSaunna Room¡BTable Tennis¡BBadminton Court¡BSnooker Room¡BGolf Driving Range¡BMusic Room¡BLibrary¡BBall Room¡BBeauty Salon¡BArome Spa¡BChanging Room¡BTerrence Garden¡BOpen Lounge,http://hk.centadata.com/ptest.aspx?type=2&code=EEPPWPPVPW&ref=OpenData
§g¶×´ä,HARBOUR GREEN,²`©ô¹D8¸¹,8 SHAM MONG ROAD,¤EÀs,KL,2006,2006,5,·sÂE°ò/­»´äÅK¸ô,SUN HUNG KAI/MTR,«Ç¤ºªa¦À¡B«Ç¥~ªa¦À¡B¨àµ£¹C¼Ö³õ / ¨àµ£¹CÀ¸«Ç¡B¹C¼Ö³õ / ¹CÀ¸«Ç¡B°·¨­«Ç¡B«ö¼¯¦À¡B®á®³¯D«Ç¡B»]®ğ¯D«Ç¡B¥â¥ã²y«Ç¡B®à²y«Ç¡B¥d©ÔOK«Ç¡B­µ¼Ö«Ç¡B¾\Åª«Ç / ·Å²ß«Ç¡B®b·|ÆU¡B¬ü®e¤¤¤ß¡B¶éªLªá¶é¡BªÅ¤¤ªá¶é¡B¥ğ¾Í¶®®y¡B¦h¥Î³~¬¡°Ê«Ç,Indoor Swimming Pool¡BSwimming Pool¡BChildren Playground/Play Room¡BPlayground/Playroom¡BGymnasium¡BJacuzzi¡BSaunna Room¡BSteam Bath Room¡BTable Tennis¡BSnooker Room¡BKaraoke Room¡BMusic Room¡BReading/Study Room¡BBall Room¡BBeauty Salon¡BLandscape Garden¡BSky Garden¡BOpen Lounge¡BMulti-purpose Room,http://hk.centadata.com/ptest.aspx?type=2&code=EEPPWPPYPW&ref=OpenData
ªl´º»O,BANYAN GARDEN,¯ïªK¨¤¹D863¸¹,863 LAI CHI KOK ROAD,¤EÀs,KL,2003,2004,7,ªø¦¿,CK HUTCHISON,«Ç¤ºªa¦À¡B«Ç¥~ªa¦À¡B¨àµ£¹C¼Ö³õ / ¨àµ£¹CÀ¸«Ç¡B°·¨­«Ç¡B«ö¼¯¦À¡B¤é¥ú¯D³õ¡B®á®³¯D«Ç¡B¥â¥ã²y«Ç¡B¾À²y³õ¡BÄx²y³õ¡B®à²y«Ç¡B¥d©ÔOK«Ç¡B¹q¼v°|¡B¥i¾iª¯¡B­µ¼Ö«Ç¡B¾\Åª«Ç / ·Å²ß«Ç¡B¹Ï®ÑÀ]¡B¹q¸£«Ç¡B½w¶]®|¡B®b·|ÆU¡B°·±d»R«Ç,Indoor Swimming Pool¡BSwimming Pool¡BChildren Playground/Play Room¡BGymnasium¡BJacuzzi¡BSolarium¡BSaunna Room¡BTable Tennis¡BSquash Court¡BBasketball Court¡BSnooker Room¡BKaraoke Room¡BMovie Theater¡BPet Friendly¡BMusic Room¡BReading/Study Room¡BLibrary¡BComputer Room¡BJogging Trail¡BBall Room¡BAerobic Studio,http://hk.centadata.com/ptest.aspx?type=3&code=EGPPWPPEPK&ref=OpenData
°Ò§J¹y¤s,MANHATTAN HILL,Ä_½üµó1¸¹,1 PO LUN STREET,¤EÀs,KL,2006,2006,5,·sÂE°ò,SUN HUNG KAI,«Ç¤ºªa¦À¡B«Ç¥~ªa¦À¡B¨àµ£¹C¼Ö³õ / ¨àµ£¹CÀ¸«Ç¡B°·¨­«Ç¡B»]®ğ¯D«Ç¡B¥â¥ã²y«Ç¡B®à²y«Ç¡B¹q¼v°|¡B­µ¼Ö«Ç¡B®b·|ÆU¡B¬ü®e¤¤¤ß¡B¬X¹D / ·ì¦÷½m²ß«Ç,Indoor Swimming Pool¡BSwimming Pool¡BChildren Playground/Play Room¡BGymnasium¡BSteam Bath Room¡BTable Tennis¡BSnooker Room¡BMovie Theater¡BMusic Room¡BBall Room¡BBeauty Salon¡BJudo/Yoga Room,http://hk.centadata.com/ptest.aspx?type=2&code=EGPPWPPEPP&ref=OpenData
ª@®®©~,LIBERTE,¯ïªK¨¤¹D833¸¹,833 LAI CHI KOK ROAD,¤EÀs,KL,2003,2003,7,·sÂE°ò/«H¼w,SUN HUNG KAI/SHUN TAK,«Ç¤ºªa¦À¡B«Ç¥~ªa¦À¡B°·¨­«Ç¡B«ö¼¯¦À¡B®á®³¯D«Ç¡B»]®ğ¯D«Ç¡B¥â¥ã²y«Ç¡Bºô²y³õ¡B®à²y«Ç¡B«OÄÖ²y³õ¡B¹q¼v°|¡B¿N¯N³õ¡B°ªº¸¤Ò²y½m²ß³õ¡B¹Ï®ÑÀ]¡B¯D¨¬¦À / °·¨¬«ö¼¯«Ç¡B½w¶]®|¡B®b·|ÆU¡B¬ü®e¤¤¤ß¡B»RÁĞ«Ç,Indoor Swimming Pool¡BSwimming Pool¡BGymnasium¡BJacuzzi¡BSaunna Room¡BSteam Bath Room¡BTable Tennis¡BTennis Court¡BSnooker Room¡BBowling¡BMovie Theater¡BBarbecue Area¡BGolf Driving Range¡BLibrary¡BFoot Massage¡BJogging Trail¡BBall Room¡BBeauty Salon¡BDance Studio,http://hk.centadata.com/ptest.aspx?type=2&code=EGPPWPPJPK&ref=OpenData
¦t´¸°a,THE PACIFICA,²`²±¸ô9¸¹,9 SHAM SHING ROAD,¤EÀs,KL,2004,2005,6,·sÂE°ò/ªø¦¿,SUN HUNG KAI/CK HUTCHISON,«Ç¥~ªa¦À¡B¨àµ£¹C¼Ö³õ / ¨àµ£¹CÀ¸«Ç¡B°·¨­«Ç¡B«ö¼¯¦À¡B¤é¥ú¯D³õ¡B®á®³¯D«Ç¡BÄx²y³õ¡B«OÄÖ²y³õ¡B¥d©ÔOK«Ç¡B¹q¼v°|¡B¿N¯N³õ¡B°ªº¸¤Ò²y½m²ß³õ¡B­µ¼Ö«Ç¡B¾\Åª«Ç / ·Å²ß«Ç¡B¹Ï®ÑÀ]¡B¹q¸£«Ç¡B¯D¨¬¦À / °·¨¬«ö¼¯«Ç¡B½w¶]®|¡B®b·|ÆU¡BÃk¥Û½m²ß³õ¡B¤Ó·¥°é¡B¬ü®e¤¤¤ß¡B¬X¹D / ·ì¦÷½m²ß«Ç¡B¼Ò«¬ÁÉ¨®¡B­»ÂÈ¤ôÀø,Swimming Pool¡BChildren Playground/Play Room¡BGymnasium¡BJacuzzi¡BSolarium¡BSaunna Room¡BBasketball Court¡BBowling¡BKaraoke Room¡BMovie Theater¡BBarbecue Area¡BGolf Driving Range¡BMusic Room¡BReading/Study Room¡BLibrary¡BComputer Room¡BFoot Massage¡BJogging Trail¡BBall Room¡BRock Climbing¡BTai Chi Circle¡BBeauty Salon¡BJudo/Yoga Room¡BModel Car Racing¡BArome Spa,http://hk.centadata.com/ptest.aspx?type=3&code=EGPPWPPVPK&ref=OpenData
¶À®H·s?,WHAMPOA ESTATE,¥Á®õµó39¸¹,39 MAN TAI STREET,¤EÀs,KL,1976,1978,25,«°³£¦a²£,CITY&URBAN,,,http://hk.centadata.com/ptest.aspx?type=2&code=EKGBPPBSPB&ref=OpenData
¶Æ¶³®p,SKY TOWER,§º¬Ó»O¹D38¸¹,38 SUNG WONG TOI ROAD,¤EÀs,KL,2004,2004,6,·s¥@¬É/ªø¦¿/¤W®ü¹ê·~,NEW WORLD/CK HUTCHISON/SHANGHAI IND INV,«Ç¥~ªa¦À¡B¨àµ£¼^¤ô¦À¡B¨àµ£¹C¼Ö³õ / ¨àµ£¹CÀ¸«Ç¡B¹C¼Ö³õ / ¹CÀ¸«Ç¡B°·¨­«Ç¡B«ö¼¯¦À¡B¤é¥ú¯D³õ¡B®á®³¯D«Ç¡B»]®ğ¯D«Ç¡B¥â¥ã²y«Ç¡B¾À²y³õ¡BÄx²y³õ¡B¦Ğ¤ò²y³õ¡B®à²y«Ç¡B¥d©ÔOK«Ç¡B¹q¼v°|¡B­µ¼Ö«Ç¡B¾\Åª«Ç / ·Å²ß«Ç¡B¹q¸£«Ç¡B°·±d»R«Ç¡B³Â³¶©Ğ¡B¥­¥xªá¶é,Swimming Pool¡BChildren's Pool¡BChildren Playground/Play Room¡BPlayground/Playroom¡BGymnasium¡BJacuzzi¡BSolarium¡BSaunna Room¡BSteam Bath Room¡BTable Tennis¡BSquash Court¡BBasketball Court¡BBadminton Court¡BSnooker Room¡BKaraoke Room¡BMovie Theater¡BMusic Room¡BReading/Study Room¡BComputer Room¡BAerobic Studio¡BMarjong¡BTerrence Garden,http://hk.centadata.com/ptest.aspx?type=2&code=EKPPWPPEPE&ref=OpenData
®ü¶h»¨¶é,LAGUNA VERDE,®ü¶h¹D8¸¹,8 LARUNA VERDE AVENUE,¤EÀs,KL,2000,2001,25,ªø¦¿/¤¤¹q,CK HUTCHISON/CLP,«Ç¥~ªa¦À¡B¨àµ£¼^¤ô¦À¡B¨àµ£¹C¼Ö³õ / ¨àµ£¹CÀ¸«Ç¡B°·¨­«Ç¡B«ö¼¯¦À¡B®á®³¯D«Ç¡B»]®ğ¯D«Ç¡B¥â¥ã²y«Ç¡B¾À²y³õ¡Bºô²y³õ¡BÄx²y³õ¡B®à²y«Ç¡B¥d©ÔOK«Ç¡B°ªº¸¤Ò²y½m²ß³õ¡B­µ¼Ö«Ç¡B¾\Åª«Ç / ·Å²ß«Ç¡B¹Ï®ÑÀ]¡B¹q¸£«Ç¡B»RÁĞ«Ç,Swimming Pool¡BChildren's Pool¡BChildren Playground/Play Room¡BGymnasium¡BJacuzzi¡BSaunna Room¡BSteam Bath Room¡BTable Tennis¡BSquash Court¡BTennis Court¡BBasketball Court¡BSnooker Room¡BKaraoke Room¡BGolf Driving Range¡BMusic Room¡BReading/Study Room¡BLibrary¡BComputer Room¡BDance Studio,http://hk.centadata.com/ptest.aspx?type=3&code=EKPPWPPEPK&ref=OpenData
µ¾ÀsÆW,GRAND WATERFRONT,·s½XÀYµó38¸¹,38 SAN MA TAU STREET,¤EÀs,KL,2006,2006,5,«í°ò/¤¤µØ·Ñ®ğ,HENDERSON/TOWN GAS,«Ç¥~ªa¦À¡B¨àµ£¼^¤ô¦À¡B°·¨­«Ç¡B«ö¼¯¦À¡B¤é¥ú¯D³õ¡B®á®³¯D«Ç¡B»]®ğ¯D«Ç¡B®à²y«Ç¡B«OÄÖ²y³õ¡B¥d©ÔOK«Ç¡B¹q¼v°|¡B¿N¯N³õ¡B°ªº¸¤Ò²y½m²ß³õ¡B­µ¼Ö«Ç¡B¹q¸£«Ç¡B¯D¨¬¦À / °·¨¬«ö¼¯«Ç¡B®b·|ÆU¡B¤Ó·¥°é¡B°·±d»R«Ç¡B­»ÂÈ¤ôÀø,Swimming Pool¡BChildren's Pool¡BGymnasium¡BJacuzzi¡BSolarium¡BSaunna Room¡BSteam Bath Room¡BSnooker Room¡BBowling¡BKaraoke Room¡BMovie Theater¡BBarbecue Area¡BGolf Driving Range¡BMusic Room¡BComputer Room¡BFoot Massage¡BBall Room¡BTai Chi Circle¡BAerobic Studio¡BArome Spa,http://hk.centadata.com/ptest.aspx?type=2&code=EKPPWPPYPE&ref=OpenData
Àº¤Ñ¥b®q,SORRENTO,¬_¤h¨l¹D¦è1¸¹,1 AUSTIN ROAD WEST,¤EÀs,KL,2002,2003,5,·|¼wÂ×/¤E­Ü/´äÅK,WHEELOCK/THE WHARF/MTR,«Ç¥~ªa¦À¡B¨àµ£¼^¤ô¦À¡B¨àµ£¹C¼Ö³õ / ¨àµ£¹CÀ¸«Ç¡B°·¨­«Ç¡B«ö¼¯¦À¡B®á®³¯D«Ç¡B»]®ğ¯D«Ç¡B¥â¥ã²y«Ç¡B¾À²y³õ¡Bºô²y³õ¡BÄx²y³õ¡B¦Ğ¤ò²y³õ¡B®à²y«Ç¡B¹Ï®ÑÀ]¡B®b·|ÆU¡B¤Ó·¥°é¡B¬ü®e¤¤¤ß¡B°·±d»R«Ç,Swimming Pool¡BChildren's Pool¡BChildren Playground/Play Room¡BGymnasium¡BJacuzzi¡BSaunna Room¡BSteam Bath Room¡BTable Tennis¡BSquash Court¡BTennis Court¡BBasketball Court¡BBadminton Court¡BSnooker Room¡BLibrary¡BBall Room¡BTai Chi Circle¡BBeauty Salon¡BAerobic Studio,http://hk.centadata.com/ptest.aspx?type=3&code=ESPPWPPEPD&ref=OpenData
´ä´º®p,THE VICTORIA TOWERS,¼sªF¹D188¸¹,188 CANTON ROAD,¤EÀs,KL,2002,2002,3,ªø¦¿/©M°O¶À®H/¤¤«H,CK HUTCHISON/HUTCHISON WHAMPOA /CITIC,°·¨­«Ç¡B«ö¼¯¦À¡B®á®³¯D«Ç¡B»]®ğ¯D«Ç¡B¹q¼v°|¡B¹q¸£«Ç¡B¬ü®e¤¤¤ß¡B»RÁĞ«Ç,Gymnasium¡BJacuzzi¡BSaunna Room¡BSteam Bath Room¡BMovie Theater¡BComputer Room¡BBeauty Salon¡BDance Studio,http://hk.centadata.com/ptest.aspx?type=2&code=ESPPWPPEPS&ref=OpenData
³Í±Ûªù,THE ARCH, ¬_¤h¨l¹D¦è1¸¹,1 AUSTIN ROAD WEST,¤EÀs,KL,2005,2005,4,·sÂE°ò/´äÅK,SUN HUNG KAI/MTR,«Ç¤ºªa¦À¡B¨àµ£¹C¼Ö³õ / ¨àµ£¹CÀ¸«Ç¡B°·¨­«Ç¡B«ö¼¯¦À¡B¤é¥ú¯D³õ¡B®á®³¯D«Ç¡B»]®ğ¯D«Ç¡B¥â¥ã²y«Ç¡B®à²y«Ç¡B¾\Åª«Ç / ·Å²ß«Ç¡B¹Ï®ÑÀ],Indoor Swimming Pool¡BChildren Playground/Play Room¡BGymnasium¡BJacuzzi¡BSolarium¡BSaunna Room¡BSteam Bath Room¡BTable Tennis¡BSnooker Room¡BReading/Study Room¡BLibrary,http://hk.centadata.com/ptest.aspx?type=2&code=ESPPWPPHPD&ref=OpenData
ºy¤é©~,THE WATERFRONT,¬_¤h¨l¹D¦è1¸¹,1 AUSTIN ROAD WEST,¤EÀs,KL,2000,2000,6,¥Ã®õ/´äÅK¤Î¨ä¥L,WING TAI/MTR & OTHERS,«Ç¥~ªa¦À¡B¨àµ£¹C¼Ö³õ / ¨àµ£¹CÀ¸«Ç¡B°·¨­«Ç¡B®á®³¯D«Ç¡B»]®ğ¯D«Ç¡B¥â¥ã²y«Ç¡B¾À²y³õ¡Bºô²y³õ¡B¦Ğ¤ò²y³õ¡B®à²y«Ç¡B°ªº¸¤Ò²y½m²ß³õ,Swimming Pool¡BChildren Playground/Play Room¡BGymnasium¡BSaunna Room¡BSteam Bath Room¡BTable Tennis¡BSquash Court¡BTennis Court¡BBadminton Court¡BSnooker Room¡BGolf Driving Range,http://hk.centadata.com/ptest.aspx?type=3&code=ESPPWPPJPS&ref=OpenData
ÄR´ä«°,LAGUNA CITY,ÄR´äµó1¸¹,1 LAGUNA STREET,¤EÀs,KL,1990,1994,38,ªø¦¿/¸Ã´ß¥Ûªo/©M°O¶À®H,CK HUTCHISON/SHELL/HUTCHISON WHAMPOA,«Ç¥~ªa¦À¡B»]®ğ¯D«Ç¡B¾À²y³õ¡Bºô²y³õ¡BÄx²y³õ¡B¦Ğ¤ò²y³õ¡B®à²y«Ç¡B¥d©ÔOK«Ç¡B¾\Åª«Ç / ·Å²ß«Ç¡B½w¶]®|¡B°·±d»R«Ç,Swimming Pool¡BSteam Bath Room¡BSquash Court¡BTennis Court¡BBasketball Court¡BBadminton Court¡BSnooker Room¡BKaraoke Room¡BReading/Study Room¡BJogging Trail¡BAerobic Studio,http://hk.centadata.com/ptest.aspx?type=3&code=EWAPBPKEPP&ref=OpenData
¶×´ºªá¶é,SCENEWAY GARDEN,¶×´º¹D8¸¹,8 SCENEWAY ROAD,¤EÀs,KL,1991,1992,17,ªø¦¿,CK HUTCHISON,«Ç¥~ªa¦À¡B¨àµ£¼^¤ô¦À¡B¨àµ£¹C¼Ö³õ / ¨àµ£¹CÀ¸«Ç¡B°·¨­«Ç¡B®á®³¯D«Ç¡B»]®ğ¯D«Ç¡B¥â¥ã²y«Ç¡B¾À²y³õ¡Bºô²y³õ¡BÄx²y³õ¡B¦Ğ¤ò²y³õ¡B®à²y«Ç¡B­µ¼Ö«Ç¡B¾\Åª«Ç / ·Å²ß«Ç¡B¹q¸£«Ç¡B½w¶]®|¡B»RÁĞ«Ç¡B¥­¥xªá¶é,Swimming Pool¡BChildren's Pool¡BChildren Playground/Play Room¡BGymnasium¡BSaunna Room¡BSteam Bath Room¡BTable Tennis¡BSquash Court¡BTennis Court¡BBasketball Court¡BBadminton Court¡BSnooker Room¡BMusic Room¡BReading/Study Room¡BComputer Room¡BJogging Trail¡BDance Studio¡BTerrence Garden,http://hk.centadata.com/ptest.aspx?type=2&code=EWGYWPWXPD&ref=OpenData
²^¤jªá¶é,AMOY GARDENS,¤ûÀY¨¤¹D77¸¹,77 NGAU TAU KOK ROAD,¤EÀs,KL,1981,1987,19,«í¶©,HANG LUNG,«Ç¥~ªa¦À¡B¨àµ£¹C¼Ö³õ / ¨àµ£¹CÀ¸«Ç¡Bºô²y³õ¡B®à²y«Ç¡B«OÄÖ²y³õ¡B¿N¯N³õ¡B­µ¼Ö«Ç,Swimming Pool¡BChildren Playground/Play Room¡BTennis Court¡BSnooker Room¡BBowling¡BBarbecue Area¡BMusic Room,http://hk.centadata.com/ptest.aspx?type=3&code=EWKSBPYOPS&ref=OpenData
ÅA¡E´äÆW,THE LATITUDE,¤Ó¤l¹DªF638¸¹,638 PRINCE EDWARD ROAD EAST,¤EÀs,KL,2010,2010,7,·sÂE°ò,SUN HUNG KAI,«Ç¤ºªa¦À¡B«Ç¥~ªa¦À¡B¨àµ£¹C¼Ö³õ / ¨àµ£¹CÀ¸«Ç¡B°·¨­«Ç¡B«ö¼¯¦À¡B®à²y«Ç¡B«OÄÖ²y³õ¡B¥d©ÔOK«Ç¡B¹q¼v°|¡B¿N¯N³õ¡B­µ¼Ö«Ç¡B®b·|ÆU,Indoor Swimming Pool¡BSwimming Pool¡BChildren Playground/Play Room¡BGymnasium¡BJacuzzi¡BSnooker Room¡BBowling¡BKaraoke Room¡BMovie Theater¡BBarbecue Area¡BMusic Room¡BBall Room,http://hk.centadata.com/ptest.aspx?type=2&code=EYPPWWPEWK&ref=OpenData
±s¬Ó®x,ROYAL GREEN,²M¾å¸ô18¸¹,18 CHING HIU ROAD,·s¬ÉªF,NE,2006,2006,3,«í°ò¥ü·~/¤ö«z,HENDERSON/SEA GROUP,«Ç¥~ªa¦À¡B°·¨­«Ç¡B®á®³¯D«Ç¡B¥â¥ã²y«Ç¡B¥d©ÔOK«Ç¡B¹q¼v°|¡B¥i¾iª¯¡B­µ¼Ö«Ç¡B¹Ï®ÑÀ]¡B®b·|ÆU¡B¬ü®e¤¤¤ß,Swimming Pool¡BGymnasium¡BSaunna Room¡BTable Tennis¡BKaraoke Room¡BMovie Theater¡BPet Friendly¡BMusic Room¡BLibrary¡BBall Room¡BBeauty Salon,http://hk.centadata.com/ptest.aspx?type=2&code=GEPPWPPEPD&ref=OpenData
¬Ó©²¤s,NOBLE HILL,°¨¾A¸ô38¸¹,38 MA SIK ROAD,·s¬ÉªF,NE,2006,2006,7,·sÂE°ò,SUN HUNG KAI,«Ç¤ºªa¦À¡B¨àµ£¼^¤ô¦À¡B¨àµ£¹C¼Ö³õ / ¨àµ£¹CÀ¸«Ç¡B°·¨­«Ç¡B«ö¼¯¦À¡B»]®ğ¯D«Ç¡BÄx²y³õ¡B®à²y«Ç¡B¥i¾iª¯¡B¹Ï®ÑÀ]¡B®b·|ÆU,Indoor Swimming Pool¡BChildren's Pool¡BChildren Playground/Play Room¡BGymnasium¡BJacuzzi¡BSteam Bath Room¡BBasketball Court¡BSnooker Room¡BPet Friendly¡BLibrary¡BBall Room,http://hk.centadata.com/ptest.aspx?type=2&code=GEPPWPPHPK&ref=OpenData
«Ò®x°a,REGENTVILLE,©Mº¡µó8-9¸¹,8-9 WO MUN STREET,·s¬ÉªF,NE,2000,2002,7,«H©M/¸U®õ»s¦ç,SINO/MANHATTAN GARMENTS,«Ç¥~ªa¦À¡B¨àµ£¼^¤ô¦À¡B¨àµ£¹C¼Ö³õ / ¨àµ£¹CÀ¸«Ç¡B°·¨­«Ç¡B«ö¼¯¦À¡B¤é¥ú¯D³õ¡B®á®³¯D«Ç¡B»]®ğ¯D«Ç¡B¾À²y³õ¡Bºô²y³õ¡B¥d©ÔOK«Ç¡B¿N¯N³õ¡B°ªº¸¤Ò²y½m²ß³õ¡B¾\Åª«Ç / ·Å²ß«Ç¡B¹q¸£«Ç¡B¯D¨¬¦À / °·¨¬«ö¼¯«Ç¡B½w¶]®|¡B¬ü®e¤¤¤ß,Swimming Pool¡BChildren's Pool¡BChildren Playground/Play Room¡BGymnasium¡BJacuzzi¡BSolarium¡BSaunna Room¡BSteam Bath Room¡BSquash Court¡BTennis Court¡BKaraoke Room¡BBarbecue Area¡BGolf Driving Range¡BReading/Study Room¡BComputer Room¡BFoot Massage¡BJogging Trail¡BBeauty Salon,http://hk.centadata.com/ptest.aspx?type=3&code=GEPPWPPOPB&ref=OpenData
·s®pªá¶é,CLASSICAL GARDENS,°¨ºÛ¸ô10¸¹,10 MA WO ROAD,·s¬ÉªF,NE,1994,1997,27,1¡B3¤Î4´Á«H©M¡F2´Á«H©M¤Î¤¤°ê®ü¥~,"PHASE 1,3,4 - SINO ; PHASE 2 - SINO, CHINA OVERSEA",«Ç¤ºªa¦À¡B«Ç¥~ªa¦À¡B¨àµ£¹C¼Ö³õ / ¨àµ£¹CÀ¸«Ç¡B°·¨­«Ç¡B®á®³¯D«Ç¡B»]®ğ¯D«Ç¡B¥â¥ã²y«Ç¡B¾À²y³õ¡Bºô²y³õ¡B¦Ğ¤ò²y³õ¡B®à²y«Ç¡B¥d©ÔOK«Ç¡B¥i¾iª¯¡B°ªº¸¤Ò²y½m²ß³õ¡B­µ¼Ö«Ç¡B¾\Åª«Ç / ·Å²ß«Ç¡B°·±d»R«Ç,Indoor Swimming Pool¡BSwimming Pool¡BChildren Playground/Play Room¡BGymnasium¡BSaunna Room¡BSteam Bath Room¡BTable Tennis¡BSquash Court¡BTennis Court¡BBadminton Court¡BSnooker Room¡BKaraoke Room¡BPet Friendly¡BGolf Driving Range¡BMusic Room¡BReading/Study Room¡BAerobic Studio,http://hk.centadata.com/ptest.aspx?type=3&code=GWPSPPYSPG&ref=OpenData
¤Ó´òªá¶é,SERENITY PARK,¤j®HÀY¸ô18¸¹,18 TAI PO TAU ROAD,·s¬ÉªF,NE,1992,1994,15,«H©M/¤¤°ê®ü¥~,SINO/CHINA OVERSEA,«Ç¤ºªa¦À¡B«Ç¥~ªa¦À¡B¹C¼Ö³õ / ¹CÀ¸«Ç¡B°·¨­«Ç¡B®á®³¯D«Ç¡B¥â¥ã²y«Ç¡B¾À²y³õ¡Bºô²y³õ¡B®à²y«Ç¡B­µ¼Ö«Ç¡B°·±d»R«Ç,Indoor Swimming Pool¡BSwimming Pool¡BPlayground/Playroom¡BGymnasium¡BSaunna Room¡BTable Tennis¡BSquash Court¡BTennis Court¡BSnooker Room¡BMusic Room¡BAerobic Studio,http://hk.centadata.com/ptest.aspx?type=3&code=GWSBPPDYPB&ref=OpenData
«Ò³ù«°,CASTELLO,¤pÃw·½¸ô69¸¹,69 SIU LEK YUEN ROAD,·s¬ÉªF,NE,1999,1999,7,·sÂE°ò,SUN HUNG KAI,«Ç¥~ªa¦À¡B¨àµ£¼^¤ô¦À¡B¨àµ£¹C¼Ö³õ / ¨àµ£¹CÀ¸«Ç¡B°·¨­«Ç¡B«ö¼¯¦À¡B®á®³¯D«Ç¡B»]®ğ¯D«Ç¡B¥â¥ã²y«Ç¡B¾À²y³õ¡Bºô²y³õ¡B¿N¯N³õ¡B°·±d»R«Ç,Swimming Pool¡BChildren's Pool¡BChildren Playground/Play Room¡BGymnasium¡BJacuzzi¡BSaunna Room¡BSteam Bath Room¡BTable Tennis¡BSquash Court¡BTennis Court¡BBarbecue Area¡BAerobic Studio,http://hk.centadata.com/ptest.aspx?type=2&code=GYDPPPBSPB&ref=OpenData
Å¥ÀÜ¶®­b,VISTA PARADISO, «í©úµó2¸¹,2 HANG MING STREET,·s¬ÉªF,NE,1998,1999,11,©M°O/¨ó©M«Ø³],HUTCHISON WHAMPOA/¨ó©M«Ø³],«Ç¥~ªa¦À¡B¨àµ£¼^¤ô¦À¡B°·¨­«Ç¡B¤é¥ú¯D³õ¡B®á®³¯D«Ç¡B¥â¥ã²y«Ç¡B¾À²y³õ¡Bºô²y³õ¡B®à²y«Ç¡B¥d©ÔOK«Ç¡B°ªº¸¤Ò²y½m²ß³õ¡B¾\Åª«Ç / ·Å²ß«Ç¡B°·±d»R«Ç,Swimming Pool¡BChildren's Pool¡BGymnasium¡BSolarium¡BSaunna Room¡BTable Tennis¡BSquash Court¡BTennis Court¡BSnooker Room¡BKaraoke Room¡BGolf Driving Range¡BReading/Study Room¡BAerobic Studio,http://hk.centadata.com/ptest.aspx?type=3&code=GYEBWPSEPB&ref=OpenData
´I»¨ªá¶é,BELAIR GARDENS,¤j¯F¾ô¸ô52¸¹,52 TAI CHUNG KIU ROAD,·s¬ÉªF,NE,1982,1987,14,µØÀ·,CHINACHEM,«Ç¥~ªa¦À¡B¨àµ£¹C¼Ö³õ / ¨àµ£¹CÀ¸«Ç¡B°·¨­«Ç¡B®á®³¯D«Ç¡B¥â¥ã²y«Ç¡B¾À²y³õ¡Bºô²y³õ¡B¦Ğ¤ò²y³õ¡B¦h¥Î³~¬¡°Ê«Ç,Swimming Pool¡BChildren Playground/Play Room¡BGymnasium¡BSaunna Room¡BTable Tennis¡BSquash Court¡BTennis Court¡BBadminton Court¡BMulti-purpose Room,http://hk.centadata.com/ptest.aspx?type=2&code=GYEWPPGXPS&ref=OpenData
Â@´º¶é,ROYAL ASCOT,Â@´º¸ô1¸¹,1 TSUN KING ROAD,·s¬ÉªF,NE,1995,1996,10,·sÂE°ò/´äÅK,SUN HUNG KAI/MTR,«Ç¤ºªa¦À¡B«Ç¥~ªa¦À¡B¨àµ£¼^¤ô¦À¡B¨àµ£¹C¼Ö³õ / ¨àµ£¹CÀ¸«Ç¡B°·¨­«Ç¡B«ö¼¯¦À¡B®á®³¯D«Ç¡B¾À²y³õ¡Bºô²y³õ¡BÄx²y³õ¡B¦Ğ¤ò²y³õ¡B°ªº¸¤Ò²y½m²ß³õ¡B½w¶]®|¡B®b·|ÆU¡B°g§A°s§a¡B»RÁĞ«Ç¡B°·±d»R«Ç¡B¶éªLªá¶é,Indoor Swimming Pool¡BSwimming Pool¡BChildren's Pool¡BChildren Playground/Play Room¡BGymnasium¡BJacuzzi¡BSaunna Room¡BSquash Court¡BTennis Court¡BBasketball Court¡BBadminton Court¡BGolf Driving Range¡BJogging Trail¡BBall Room¡BMnin Bar¡BDance Studio¡BAerobic Studio¡BLandscape Garden,http://hk.centadata.com/ptest.aspx?type=3&code=GYPBBPWRPS&ref=OpenData
¤j®H¤¤¤ß,TAI PO CENTRE,¦w¨¹¸ô9¸¹,9 ON PONG ROAD,·s¬ÉªF,NE,1985,1987,22,·sÂE°ò,SUN HUNG KAI,«Ç¥~ªa¦À¡B¹C¼Ö³õ / ¹CÀ¸«Ç¡B¦Ğ¤ò²y³õ¡B¥i¾iª¯,Swimming Pool¡BPlayground/Playroom¡BBadminton Court¡BPet Friendly,http://hk.centadata.com/ptest.aspx?type=3&code=GYWKPPKYPS&ref=OpenData
ªe¯`ªá¶é,GARDEN RIVERA,¤j¯F¾ô¸ô20-30¸¹,20-30 TAI CHUNG KIU ROAD,·s¬ÉªF,NE,1984,1984,6,«í°ò,HENDERSON,«Ç¥~ªa¦À¡B¨àµ£¹C¼Ö³õ / ¨àµ£¹CÀ¸«Ç¡B¾À²y³õ¡Bºô²y³õ¡B¦Ğ¤ò²y³õ,Swimming Pool¡BChildren Playground/Play Room¡BSquash Court¡BTennis Court¡BBadminton Court,http://hk.centadata.com/ptest.aspx?type=2&code=GYYYPPGOPS&ref=OpenData
¿İÂ×ªá¶é,THE SHERWOOD,ºÖ¦ë§ø¹D8¸¹,8 FUK HANG TSUEN ROAD,·s¬É¦è,NW,2005,2005,12,«í°ò,HENDERSON,«Ç¥~ªa¦À¡B¨àµ£¼^¤ô¦À¡B¨àµ£¹C¼Ö³õ / ¨àµ£¹CÀ¸«Ç¡B°·¨­«Ç¡B«ö¼¯¦À¡B¤é¥ú¯D³õ¡B®á®³¯D«Ç¡B¥â¥ã²y«Ç¡B®à²y«Ç¡B«OÄÖ²y³õ¡B¥d©ÔOK«Ç¡B¹q¼v°|¡B¿N¯N³õ¡B­µ¼Ö«Ç¡B¾\Åª«Ç / ·Å²ß«Ç¡B°g§A°s§a¡B¤Ó·¥°é¡B¬ü®e¤¤¤ß¡B­»ÂÈ¤ôÀø,Swimming Pool¡BChildren's Pool¡BChildren Playground/Play Room¡BGymnasium¡BJacuzzi¡BSolarium¡BSaunna Room¡BTable Tennis¡BSnooker Room¡BBowling¡BKaraoke Room¡BMovie Theater¡BBarbecue Area¡BMusic Room¡BReading/Study Room¡BMnin Bar¡BTai Chi Circle¡BBeauty Salon¡BArome Spa,http://hk.centadata.com/ptest.aspx?type=2&code=KKPPWPPEPS&ref=OpenData
¬Pªe©ú©~,GALAXIA,ÀsÂÏµó3¸¹,3 LUNG POON STREET,¤EÀs,KL,1998,1998,5,·|¼wÂ×/¤EÀs­Ü/·s¨È¸m·~/®L§Q¤å¦a²£,WHEELOCK/WHARF/NEW PACIFIC/HARRIMAN,«Ç¥~ªa¦À¡B¨àµ£¼^¤ô¦À¡B¨àµ£¹C¼Ö³õ / ¨àµ£¹CÀ¸«Ç¡B°·¨­«Ç¡B«ö¼¯¦À¡B®á®³¯D«Ç¡B»]®ğ¯D«Ç¡B¾À²y³õ¡Bºô²y³õ¡B¦Ğ¤ò²y³õ¡B®à²y«Ç¡B¹q¼v°|¡B¾\Åª«Ç / ·Å²ß«Ç¡B°·±d»R«Ç¡B³Â³¶©Ğ,Swimming Pool¡BChildren's Pool¡BChildren Playground/Play Room¡BGymnasium¡BJacuzzi¡BSaunna Room¡BSteam Bath Room¡BSquash Court¡BTennis Court¡BBadminton Court¡BSnooker Room¡BMovie Theater¡BReading/Study Room¡BAerobic Studio¡BMarjong,http://hk.centadata.com/ptest.aspx?type=2&code=MSMTTHTVHT&ref=OpenData
¼wºÖªá¶é,TELFORD GARDENS,°¶·~µó33¸¹,33 WAI YIP STREET,¤EÀs,KL,1980,1982,21,¦X©M/«í¶©/´äÅK,HOPEWELL/HANG LUNG/MTR,«Ç¥~ªa¦À¡B¹C¼Ö³õ / ¹CÀ¸«Ç¡B°·¨­«Ç¡Bºô²y³õ¡B«OÄÖ²y³õ,Swimming Pool¡BPlayground/Playroom¡BGymnasium¡BTennis Court¡BBowling,http://hk.centadata.com/ptest.aspx?type=2&code=MSNSTHSXHH&ref=OpenData
¶À®Hªá¶é,WHAMPOA GARDEN,¥²¹Åµó121¸¹,121 BAKER STREET,¤EÀs,KL,1985,1991,88,©M°O¶À®H,HUTCHISON WHAMPOA,«Ç¥~ªa¦À¡B¹C¼Ö³õ / ¹CÀ¸«Ç¡B°·¨­«Ç¡B¾À²y³õ¡Bºô²y³õ¡B¦Ğ¤ò²y³õ¡B½w¶]®|,Swimming Pool¡BPlayground/Playroom¡BGymnasium¡BSquash Court¡BTennis Court¡BBadminton Court¡BJogging Trail,http://hk.centadata.com/ptest.aspx?type=3&code=MZDIIHHAHN&ref=OpenData
ÁÚ¨È¬ü®üÆW,MIAMI BEACH TOWERS,´ò»A¸ô268¸¹,268 WU CHUI ROAD,·s¬É¦è,NW,1991,1991,6,«H©M,SINO GROUP,«Ç¥~ªa¦À¡B¨àµ£¹C¼Ö³õ / ¨àµ£¹CÀ¸«Ç¡B°·¨­«Ç¡B®á®³¯D«Ç¡B¾À²y³õ¡Bºô²y³õ¡B¦Ğ¤ò²y³õ¡B®b·|ÆU,Swimming Pool¡BChildren Playground/Play Room¡BGymnasium¡BSaunna Room¡BSquash Court¡BTennis Court¡BBadminton Court¡BBall Room,http://hk.centadata.com/ptest.aspx?type=2&code=NXISIHSRHT&ref=OpenData
¤Ùªù¥«¼s³õ,TUEN MUN TOWN PLAZA,¤Ù¶¶µó1¸¹,1 TUEN SHUN STREET,·s¬É¦è,NW,1987,1992,8,«H©M,SINO GROUP,«Ç¥~ªa¦À¡B¨àµ£¹C¼Ö³õ / ¨àµ£¹CÀ¸«Ç¡B¾À²y³õ¡Bºô²y³õ¡BÄx²y³õ¡B¦Ğ¤ò²y³õ¡B­µ¼Ö«Ç¡B°g§A°s§a,Swimming Pool¡BChildren Playground/Play Room¡BSquash Court¡BTennis Court¡BBasketball Court¡BBadminton Court¡BMusic Room¡BMnin Bar,http://hk.centadata.com/ptest.aspx?type=3&code=NXLIIHSSHT&ref=OpenData
®ü»Aªá¶é,PIERHEAD GARDEN,´ò»A¸ô168-236¸¹,168-236 WU CHUI ROAD,·s¬É¦è,NW,1988,1988,6,·s¥@¬É/´äÅK,NEW WORLD/MTR,«Ç¥~ªa¦À¡B¨àµ£¹C¼Ö³õ / ¨àµ£¹CÀ¸«Ç¡Bºô²y³õ¡B½w¶]®|,Swimming Pool¡BChildren Playground/Play Room¡BTennis Court¡BJogging Trail,http://hk.centadata.com/ptest.aspx?type=2&code=NXMSIHSXHT&ref=OpenData
ºÑº½ÆW,BAGUIO VILLA,°ì¦h§Q¹D550¸¹,550 VICTORIA ROAD,­»´ä,HK,1975,1979,33,·s¥@¬É,NEW WORLD,«Ç¥~ªa¦À¡B¨àµ£¹C¼Ö³õ / ¨àµ£¹CÀ¸«Ç¡Bºô²y³õ,Swimming Pool¡BChildren Playground/Play Room¡BTennis Court,http://hk.centadata.com/ptest.aspx?type=2&code=OJQCFRCORO&ref=OpenData
·|®i¤¤¤ß ·|´º»Õ,CONVENTION PLAZA APARTMENTS,´äÆW¹D1¸¹,1 HARBOUR ROAD,­»´ä,HK,1989,1989,1,·s¥@¬É,NEW WORLD,«Ç¥~ªa¦À¡B°·¨­«Ç,Swimming Pool¡BGymnasium,http://hk.centadata.com/ptest.aspx?type=1&code=OQSRFRRVRS&ref=OpenData
¤ñµØ§Q¤s,BEVERLY HILL,¼Ö¬¡¹D6¸¹,6 BROADWOOD ROAD,­»´ä,HK,1988,1988,10,«í°ò,HENDERSON,«Ç¥~ªa¦À¡B°·¨­«Ç¡B®á®³¯D«Ç¡B¾À²y³õ¡B®à²y«Ç¡B«Î­b±M½u¤Ú¤h,Swimming Pool¡BGymnasium¡BSaunna Room¡BSquash Court¡BSnooker Room¡BEstate Shuttle Bus,http://hk.centadata.com/ptest.aspx?type=2&code=OSRUUROHRS&ref=OpenData
¤Ó¥j«°,TAIKOO SHING,¤Ó¥jÆW¹D,TAIKOO WAN ROAD,­»´ä,HK,1976,1987,61,¤Ó¥j,SWIRE,«Ç¥~ªa¦À¡B¨àµ£¹C¼Ö³õ / ¨àµ£¹CÀ¸«Ç¡B¹C¼Ö³õ / ¹CÀ¸«Ç¡B¥â¥ã²y«Ç¡Bºô²y³õ¡B¦Ğ¤ò²y³õ¡B°ªº¸¤Ò²y½m²ß³õ,Swimming Pool¡BChildren Playground/Play Room¡BPlayground/Playroom¡BTable Tennis¡BTennis Court¡BBadminton Court¡BGolf Driving Range,http://hk.centadata.com/ptest.aspx?type=3&code=OVDUURFSRJ&ref=OpenData
´ä¹B«°,ISLAND PLACE,¤¦®³¹D51-61¸¹,51-61 TANNER ROAD,­»´ä,HK,1996,1996,3,¤Ó¥j/¤¤¤Ú,SWIRE/CHINA MOTOR BUS,«Ç¥~ªa¦À¡B¨àµ£¹C¼Ö³õ / ¨àµ£¹CÀ¸«Ç¡B¥­¥xªá¶é,Swimming Pool¡BChildren Playground/Play Room¡BTerrence Garden,http://hk.centadata.com/ptest.aspx?type=2&code=OVQOFRFYRQ&ref=OpenData
¯ş«Âªá¶é,ALLWAY GARDEN,¯ş´º³ò187-195¸¹,187-195 TSUEN KING CIRCUIT,·s¬É¦è,NW,1978,1981,16,¦X©M,HOPEWELL,«Ç¥~ªa¦À¡B¨àµ£¹C¼Ö³õ / ¨àµ£¹CÀ¸«Ç,Swimming Pool¡BChildren Playground/Play Room,http://hk.centadata.com/ptest.aspx?type=2&code=QUVUQRCERQ&ref=OpenData
¬ü´ºªá¶é,MAYFAIR GARDENS,²Ó¤s¸ô2-16¸¹,2-16 SAI SHAN ROAD,·s¬É¦è,NW,1982,1984,8,·sÂE°ò,SUN HUNG KAI,«Ç¥~ªa¦À¡B¨àµ£¹C¼Ö³õ / ¨àµ£¹CÀ¸«Ç¡Bºô²y³õ¡BÄx²y³õ,Swimming Pool¡BChildren Playground/Play Room¡BTennis Court¡BBasketball Court,http://hk.centadata.com/ptest.aspx?type=2&code=QVSDFRCERR&ref=OpenData
©|Â¼®p,THE ZENITH,¬Ó¹D¤j¹DªF258¸¹,258 QUEEN'S ROAD EAST,­»´ä,HK,2006,2006,3,µØ¤H¸m·~/¥««Ø§½,CHINESE ESTATES/URBAN RENEWAL AUTHORITY,«Ç¥~ªa¦À¡B¨àµ£¼^¤ô¦À¡B¨àµ£¹C¼Ö³õ / ¨àµ£¹CÀ¸«Ç¡B°·¨­«Ç¡B«ö¼¯¦À¡B¥â¥ã²y«Ç¡B®à²y«Ç¡B¥d©ÔOK«Ç¡B¿N¯N³õ¡B­µ¼Ö«Ç¡B¾\Åª«Ç / ·Å²ß«Ç¡B¹q¸£«Ç¡B»RÁĞ«Ç¡B³Â³¶©Ğ,Swimming Pool¡BChildren's Pool¡BChildren Playground/Play Room¡BGymnasium¡BJacuzzi¡BTable Tennis¡BSnooker Room¡BKaraoke Room¡BBarbecue Area¡BMusic Room¡BReading/Study Room¡BComputer Room¡BDance Studio¡BMarjong,http://hk.centadata.com/ptest.aspx?type=3&code=SAPPWPPOPS&ref=OpenData
¹ÅîP°a,J RESIDENCE,²ø¤h´°¹D60¸¹,60 JOHNSTON ROAD,­»´ä,HK,2007,2007,1,¹ÅµØ°ê»Ú / ¥«°Ï­««Ø§½,K WAH/URBAN RENEWAL AUTHORITY,«Ç¥~ªa¦À¡B¹C¼Ö³õ / ¹CÀ¸«Ç¡B°·¨­«Ç¡B®á®³¯D«Ç¡B¥â¥ã²y«Ç,Swimming Pool¡BPlayground/Playroom¡BGymnasium¡BSaunna Room¡BTable Tennis,http://hk.centadata.com/ptest.aspx?type=1&code=SAPPWWPXPS&ref=OpenData
ÃU´ºÆW,LEI KING WAN,¤Ó±dµó,TAI HONG STREET,­»´ä,HK,1988,1989,17,¤Ó¥j,SWIRE,¹C¼Ö³õ / ¹CÀ¸«Ç¡Bºô²y³õ,Playground/Playroom¡BTennis Court,http://hk.centadata.com/ptest.aspx?type=3&code=SBABBPBXPD&ref=OpenData
¹Å¦ëÆW,GRAND PROMENADE,¤Ó±dµó38¸¹,38 TAI HONG STREET,­»´ä,HK,2005,2005,5,«í°ò/¤¤µØ·Ñ®ğ,HENDERSON/TOWN GAS,«Ç¥~ªa¦À¡B¨àµ£¹C¼Ö³õ / ¨àµ£¹CÀ¸«Ç¡B°·¨­«Ç¡B«ö¼¯¦À¡B®á®³¯D«Ç¡B»]®ğ¯D«Ç¡B¥â¥ã²y«Ç¡B«OÄÖ²y³õ¡B¥d©ÔOK«Ç¡B°ªº¸¤Ò²y½m²ß³õ¡B¹q¸£«Ç¡B¯D¨¬¦À / °·¨¬«ö¼¯«Ç¡B½w¶]®|¡B®b·|ÆU¡B¤Ó·¥°é¡B¬ü®e¤¤¤ß¡B¬X¹D / ·ì¦÷½m²ß«Ç¡B­»ÂÈ¤ôÀø,Swimming Pool¡BChildren Playground/Play Room¡BGymnasium¡BJacuzzi¡BSaunna Room¡BSteam Bath Room¡BTable Tennis¡BBowling¡BKaraoke Room¡BGolf Driving Range¡BComputer Room¡BFoot Massage¡BJogging Trail¡BBall Room¡BTai Chi Circle¡BBeauty Salon¡BJudo/Yoga Room¡BArome Spa,http://hk.centadata.com/ptest.aspx?type=2&code=SBPPWPPEPD&ref=OpenData
±d©Éªá¶é,KORNHILL,±d´rµó31-45¸¹,31-45 HONG YUE STREET,­»´ä,HK,1985,1987,32,«í¶©/·s¥@¬É/´äÅK,HANG LUNG/NEW WORLD/MTR,«Ç¥~ªa¦À¡B¹C¼Ö³õ / ¹CÀ¸«Ç¡B°·¨­«Ç¡B¾À²y³õ¡B½w¶]®|,Swimming Pool¡BPlayground/Playroom¡BGymnasium¡BSquash Court¡BJogging Trail,http://hk.centadata.com/ptest.aspx?type=2&code=SBYYBPEVPG&ref=OpenData
¸m´Iªá¶é,CHI FU FA YUEN,¸m´I¹D9¸¹,9 CHI FU ROAD,­»´ä,HK,1978,1981,27,¸m¦a,HONG KONG LAND,«Ç¥~ªa¦À¡B¹C¼Ö³õ / ¹CÀ¸«Ç¡Bºô²y³õ¡B«OÄÖ²y³õ,Swimming Pool¡BPlayground/Playroom¡BTennis Court¡BBowling,http://hk.centadata.com/ptest.aspx?type=2&code=SDDEPPPYSE&ref=OpenData
®ü©É¥b®q,SOUTH HORIZONS,®ü©É¸ô6¸¹,6 SOUTH HORIZON DRIVE,­»´ä,HK,1991,1995,34,©M°O/ªø¦¿/´ä¿O,HUTCHISON WHAMPOA/CK HUTCHISON/HK ELECTRIC,«Ç¥~ªa¦À¡B¹C¼Ö³õ / ¹CÀ¸«Ç¡B°·¨­«Ç¡B«ö¼¯¦À¡B»]®ğ¯D«Ç¡B¥â¥ã²y«Ç¡B¾À²y³õ¡Bºô²y³õ¡B¦Ğ¤ò²y³õ¡B®à²y«Ç¡B°ªº¸¤Ò²y½m²ß³õ¡B¾\Åª«Ç / ·Å²ß«Ç¡B°·±d»R«Ç,Swimming Pool¡BPlayground/Playroom¡BGymnasium¡BJacuzzi¡BSteam Bath Room¡BTable Tennis¡BSquash Court¡BTennis Court¡BBadminton Court¡BSnooker Room¡BGolf Driving Range¡BReading/Study Room¡BAerobic Studio,http://hk.centadata.com/ptest.aspx?type=3&code=SDDSGPWAPK&ref=OpenData
¨©¨FÆW,RESIDENCE BEL-AIR,¼Æ½X´ä¹D,CYBER PORT ROAD,­»´ä,HK,2004,2008,77,¹q°T¬Õ¬ì/­»´ä¬F©²,PCCW/HK GOV,«Ç¥~ªa¦À¡B¨àµ£¼^¤ô¦À¡B¨àµ£¹C¼Ö³õ / ¨àµ£¹CÀ¸«Ç¡B°·¨­«Ç¡B«ö¼¯¦À¡B¤é¥ú¯D³õ¡B¥â¥ã²y«Ç¡Bºô²y³õ¡B®à²y«Ç¡B¥d©ÔOK«Ç¡B¹q¼v°|¡B°ªº¸¤Ò²y½m²ß³õ¡B¾\Åª«Ç / ·Å²ß«Ç¡B¹Ï®ÑÀ]¡B¹q¸£«Ç¡B®b·|ÆU¡B¬ü®e¤¤¤ß¡B°·±d»R«Ç¡B­»ÂÈ¤ôÀø,Swimming Pool¡BChildren's Pool¡BChildren Playground/Play Room¡BGymnasium¡BJacuzzi¡BSolarium¡BTable Tennis¡BTennis Court¡BSnooker Room¡BKaraoke Room¡BMovie Theater¡BGolf Driving Range¡BReading/Study Room¡BLibrary¡BComputer Room¡BBall Room¡BBeauty Salon¡BAerobic Studio¡BArome Spa,http://hk.centadata.com/ptest.aspx?type=3&code=SDPPWPPHPS&ref=OpenData
²`ÆW°a,SHAM WAN TOWERS,Àn?¬w®|,AP LEI CHAU DRIVE,­»´ä,HK,2004,2004,3,·sÂE°ò,SUN HUNG KAI,«Ç¥~ªa¦À¡B¨àµ£¼^¤ô¦À¡B¨àµ£¹C¼Ö³õ / ¨àµ£¹CÀ¸«Ç¡B°·¨­«Ç¡B«ö¼¯¦À¡B»]®ğ¯D«Ç¡B¥â¥ã²y«Ç¡B®à²y«Ç¡B¿N¯N³õ¡B­µ¼Ö«Ç¡B¾\Åª«Ç / ·Å²ß«Ç¡B¹q¸£«Ç¡B¤Ó·¥°é¡B°·±d»R«Ç,Swimming Pool¡BChildren's Pool¡BChildren Playground/Play Room¡BGymnasium¡BJacuzzi¡BSteam Bath Room¡BTable Tennis¡BSnooker Room¡BBarbecue Area¡BMusic Room¡BReading/Study Room¡BComputer Room¡BTai Chi Circle¡BAerobic Studio,http://hk.centadata.com/ptest.aspx?type=2&code=SDPPWPPJPK&ref=OpenData
»E½å©~,CENTRE STAGE,²ü§õ¬¡¹D108¸¹,108 HOLLYWOOD ROAD,­»´ä,HK,2006,2006,2,«í°ò,HENDERSON,«Ç¥~ªa¦À¡B°·¨­«Ç¡B«ö¼¯¦À,Swimming Pool¡BGymnasium¡BJacuzzi,http://hk.centadata.com/ptest.aspx?type=2&code=SEPPWPPAPE&ref=OpenData
§öªá?,HENG FA CHUEN,²±®õ¹D100¸¹,100 SHING TAI ROAD,­»´ä,HK,1986,1989,48,´äÅK/§öªáhµo®i,MTR/HENG FA CHUEN DEVELOPMENT,«Ç¥~ªa¦À¡B¹C¼Ö³õ / ¹CÀ¸«Ç¡B°·¨­«Ç¡B»]®ğ¯D«Ç¡B¾À²y³õ¡Bºô²y³õ¡BÄx²y³õ¡B¦Ğ¤ò²y³õ¡B®à²y«Ç,Swimming Pool¡BPlayground/Playroom¡BGymnasium¡BSteam Bath Room¡BSquash Court¡BTennis Court¡BBasketball Court¡BBadminton Court¡BSnooker Room,http://hk.centadata.com/ptest.aspx?type=2&code=SGKEPPGYPE&ref=OpenData
ÂÅÆW¥b®q,ISLAND RESORT,¤p¦èÆW¹D28¸¹,28 SIU SAI WAN ROAD,­»´ä,HK,2001,2001,8,«H©M/ºû¼w¶°¹Î/¤¤»È­»´ä,SINO GROUP/VICWOOD/BOC,«Ç¥~ªa¦À¡B¨àµ£¹C¼Ö³õ / ¨àµ£¹CÀ¸«Ç¡B°·¨­«Ç¡B®á®³¯D«Ç¡B¥â¥ã²y«Ç¡B¾À²y³õ¡Bºô²y³õ¡BÄx²y³õ¡B®à²y«Ç¡B«OÄÖ²y³õ¡B¿N¯N³õ¡B­µ¼Ö«Ç¡B¹q¸£«Ç¡B°·±d»R«Ç¡B³Â³¶©Ğ,Swimming Pool¡BChildren Playground/Play Room¡BGymnasium¡BSaunna Room¡BTable Tennis¡BSquash Court¡BTennis Court¡BBasketball Court¡BSnooker Room¡BBowling¡BBarbecue Area¡BMusic Room¡BComputer Room¡BAerobic Studio¡BMarjong,http://hk.centadata.com/ptest.aspx?type=2&code=SGPPWPPEPB&ref=OpenData
¶hÀÜÆW,LES SAISONS,¤Ó¦wµó28¸¹,28 TAI ON STREET,­»´ä,HK,2001,2001,4,¤Ó¥j/·sÂE°ò/¤¤µØ¨T¨®,SWIRE/SUN HUNG KAI/CMB,«Ç¥~ªa¦À¡B¨àµ£¼^¤ô¦À¡B¨àµ£¹C¼Ö³õ / ¨àµ£¹CÀ¸«Ç¡B°·¨­«Ç¡B®á®³¯D«Ç¡B¥â¥ã²y«Ç¡B®à²y«Ç¡B°ªº¸¤Ò²y½m²ß³õ¡B­µ¼Ö«Ç¡B¾\Åª«Ç / ·Å²ß«Ç¡B°·±d»R«Ç,Swimming Pool¡BChildren's Pool¡BChildren Playground/Play Room¡BGymnasium¡BSaunna Room¡BTable Tennis¡BSnooker Room¡BGolf Driving Range¡BMusic Room¡BReading/Study Room¡BAerobic Studio,http://hk.centadata.com/ptest.aspx?type=2&code=SGPPWPPEPS&ref=OpenData
¹Å¶³»O,CAVENDISH HEIGHTS,¥Õ«Ø®É¹D33¸¹,33 PERKINS ROAD,­»´ä,HK,1986,1988,8,ªø¹ê/´ä¿O,CK HUTCHISON/HK ELECTRIC,,,http://hk.centadata.com/ptest.aspx?type=2&code=SKKGBPBSPW&ref=OpenData
Â§¹y¤s,THE LEIGHTON HILL,¼Ö¬¡¹D2B¸¹,2B BROADWOOD ROAD,­»´ä,HK,2002,2002,8,·sÂE°ò,SUN HUNG KAI,«Ç¤ºªa¦À¡B«Ç¥~ªa¦À¡B¨àµ£¼^¤ô¦À¡B¨àµ£¹C¼Ö³õ / ¨àµ£¹CÀ¸«Ç¡B°·¨­«Ç¡B«ö¼¯¦À¡B®á®³¯D«Ç¡B»]®ğ¯D«Ç¡Bºô²y³õ¡B®à²y«Ç¡B®b·|ÆU¡B¦h¥Î³~¬¡°Ê«Ç,Indoor Swimming Pool¡BSwimming Pool¡BChildren's Pool¡BChildren Playground/Play Room¡BGymnasium¡BJacuzzi¡BSaunna Room¡BSteam Bath Room¡BTennis Court¡BSnooker Room¡BBall Room¡BMulti-purpose Room,http://hk.centadata.com/ptest.aspx?type=2&code=SKPPWPPJPK&ref=OpenData
¥ú©ú»O,ILLUMINATION TERRACE,¤j§|¹D5-7¸¹,5-7 TAI HANG ROAD,­»´ä,HK,1993,1993,2,·s¥@¬É,NEW WORLD,¨àµ£¹C¼Ö³õ / ¨àµ£¹CÀ¸«Ç¡B®á®³¯D«Ç¡B¥â¥ã²y«Ç¡B¦Ğ¤ò²y³õ¡B®à²y«Ç¡B¶éªLªá¶é,Children Playground/Play Room¡BSaunna Room¡BTable Tennis¡BBadminton Court¡BSnooker Room¡BLandscape Garden,http://hk.centadata.com/ptest.aspx?type=2&code=SKYAWPBXPB&ref=OpenData
Ä_»A¶é,THE BELCHER'S,Á¡§ßªL¹D89¸¹,89 POK FU LAM ROAD,­»´ä,HK,2000,2001,6,·sÂE°ò/«H¼w/·s¥@¬É/¹ù³Ğ¿³,SUN HUNG KAI/SHUN TAK/NEW WORLD/ LIU CHONG HING,«Ç¤ºªa¦À¡B«Ç¥~ªa¦À¡B¨àµ£¹C¼Ö³õ / ¨àµ£¹CÀ¸«Ç¡B°·¨­«Ç¡B«ö¼¯¦À¡B®á®³¯D«Ç¡B»]®ğ¯D«Ç¡B¾À²y³õ¡Bºô²y³õ¡BÄx²y³õ¡B¦Ğ¤ò²y³õ¡B®à²y«Ç¡B°ªº¸¤Ò²y½m²ß³õ¡B¤Ó·¥°é,Indoor Swimming Pool¡BSwimming Pool¡BChildren Playground/Play Room¡BGymnasium¡BJacuzzi¡BSaunna Room¡BSteam Bath Room¡BSquash Court¡BTennis Court¡BBasketball Court¡BBadminton Court¡BSnooker Room¡BGolf Driving Range¡BTai Chi Circle,http://hk.centadata.com/ptest.aspx?type=3&code=SSPPWPPAPS&ref=OpenData
«Ò¦ZµØ®x,QUEEN'S TERRACE,¬Ó¦Zµó1¸¹,1 QUEEN STREET,­»´ä,HK,2003,2003,3,·s¥@¬É/ªø¦¿/¥««Ø§½,NEW WORLD/CK HUTCHISON/URBAN RENEWAL AUTHORITY,¨àµ£¹C¼Ö³õ / ¨àµ£¹CÀ¸«Ç,Children Playground/Play Room,http://hk.centadata.com/ptest.aspx?type=2&code=SSPPWPPJPA&ref=OpenData
ªl³£,THE MERTON,°í¥§¦a«°·s®ü®Çµó38¸¹,38 NEW PRAYA KENNEDY TOWN,­»´ä,HK,2004,2004,3,·s¥@¬É/¥««Ø§½,NEW WORLD/URBAN RENEWAL AUTHORITY,«Ç¥~ªa¦À¡B¨àµ£¹C¼Ö³õ / ¨àµ£¹CÀ¸«Ç¡B°·¨­«Ç¡B«ö¼¯¦À¡B¤é¥ú¯D³õ¡B®á®³¯D«Ç¡B»]®ğ¯D«Ç¡B¥â¥ã²y«Ç¡B®à²y«Ç¡B¥d©ÔOK«Ç¡B¥i¾iª¯¡B­µ¼Ö«Ç¡B¾\Åª«Ç / ·Å²ß«Ç¡B¹q¸£«Ç¡B°·±d»R«Ç¡B¬X¹D / ·ì¦÷½m²ß«Ç,Swimming Pool¡BChildren Playground/Play Room¡BGymnasium¡BJacuzzi¡BSolarium¡BSaunna Room¡BSteam Bath Room¡BTable Tennis¡BSnooker Room¡BKaraoke Room¡BPet Friendly¡BMusic Room¡BReading/Study Room¡BComputer Room¡BAerobic Studio¡BJudo/Yoga Room,http://hk.centadata.com/ptest.aspx?type=2&code=SSPPWPPYPS&ref=OpenData
­»´ä¶Àª÷®ü©¤,HONG KONG GOLD COAST,«C¤s¤½¸ô«C¤sÆW¬q1¸¹,1 CASTLE PEAK ROAD CASTLE PEAK BAY,·s¬É¦è,NW,1990,1995,30,«H©M,SINO GROUP,«Ç¥~ªa¦À¡B¨àµ£¹C¼Ö³õ / ¨àµ£¹CÀ¸«Ç¡B¹C¼Ö³õ / ¹CÀ¸«Ç¡B°·¨­«Ç¡B®á®³¯D«Ç¡B»]®ğ¯D«Ç¡B¥â¥ã²y«Ç¡B¾À²y³õ¡Bºô²y³õ¡B®à²y«Ç¡B«OÄÖ²y³õ¡B°ªº¸¤Ò²y½m²ß³õ¡B¹q¸£«Ç¡B½w¶]®|,Swimming Pool¡BChildren Playground/Play Room¡BPlayground/Playroom¡BGymnasium¡BSaunna Room¡BSteam Bath Room¡BTable Tennis¡BSquash Court¡BTennis Court¡BSnooker Room¡BBowling¡BGolf Driving Range¡BComputer Room¡BJogging Trail,http://hk.centadata.com/ptest.aspx?type=2&code=SUQRFROHRD&ref=OpenData
­»´ä¥J¤¤¤ß,ABERDEEN CENTRE,«n¹çµó11¸¹,11 NAM NING STREET,­»´ä,HK,1979,1982,20,©M°O¶À®H,HUTCHISON WHAMPOA,¾À²y³õ,Squash Court,http://hk.centadata.com/ptest.aspx?type=2&code=TIXSIHNOHD&ref=OpenData
¶§©ú¤s²ø,HONG KONG PARKVIEW,¤j¼æ¤ô¶í¹D88¸¹,88 TAI TAM RESERVOIR ROAD,­»´ä,HK,1988,1989,18,¶§©ú¤s²ø¦a²£,Tri-View Ltd?,«Ç¤ºªa¦À¡B¨àµ£¼^¤ô¦À¡B°·¨­«Ç¡B«ö¼¯¦À¡B®á®³¯D«Ç¡B»]®ğ¯D«Ç¡B¾À²y³õ¡Bºô²y³õ¡B¿N¯N³õ¡B°ªº¸¤Ò²y½m²ß³õ¡B®b·|ÆU,Indoor Swimming Pool¡BChildren's Pool¡BGymnasium¡BJacuzzi¡BSaunna Room¡BSteam Bath Room¡BSquash Court¡BTennis Court¡BBarbecue Area¡BGolf Driving Range¡BBall Room,http://hk.centadata.com/ptest.aspx?type=3&code=TLMLZHZXHZ&ref=OpenData
«°¥«ªá¶é,CITY GARDEN,¹q®ğ¹D233¸¹,233 ELECTRIC ROAD,­»´ä,HK,1982,1986,14,ªø¦¿,CK HUTCHISON,«Ç¤ºªa¦À¡B¨àµ£¹C¼Ö³õ / ¨àµ£¹CÀ¸«Ç¡B°·¨­«Ç¡B®á®³¯D«Ç¡B¾À²y³õ,Indoor Swimming Pool¡BChildren Playground/Play Room¡BGymnasium¡BSaunna Room¡BSquash Court,http://hk.centadata.com/ptest.aspx?type=3&code=TNDTZHTRHT&ref=OpenData
©M´I¤¤¤ß,PROVIDENT CENTRE,©M´I¹D21-53¸¹,21-53 WHARF ROAD,­»´ä,HK,1982,1984,17,©M°O¶À®H,HUTCHISON WHAMPOA,«Ç¥~ªa¦À¡B¨àµ£¹C¼Ö³õ / ¨àµ£¹CÀ¸«Ç,Swimming Pool¡BChildren Playground/Play Room,http://hk.centadata.com/ptest.aspx?type=2&code=TNITZHLYHD&ref=OpenData
ÁÉ¦è´ò¤j·H,BRAEMAR HILL MANSIONS,Ä_°¨¤s¹D15-43¸¹,15-43 BRAEMAR HILL ROAD,­»´ä,HK,1978,1978,15,ªø¦¿,CK HUTCHISON,«Ç¥~ªa¦À¡B¨àµ£¹C¼Ö³õ / ¨àµ£¹CÀ¸«Ç¡Bºô²y³õ,Swimming Pool¡BChildren Playground/Play Room¡BTennis Court,http://hk.centadata.com/ptest.aspx?type=2&code=TNNDTHHAHM&ref=OpenData
«nÂ×·s?,NAN FUNG SUN CHUEN,°ò§Q§{15-27¸¹,15-27 GREIG CRESCENT,­»´ä,HK,1977,1978,12,«nÂ×,NAN FUNG,¹C¼Ö³õ / ¹CÀ¸«Ç¡BÄx²y³õ¡B¦Ğ¤ò²y³õ,Playground/Playroom¡BBasketball Court¡BBadminton Court,http://hk.centadata.com/ptest.aspx?type=2&code=TNTLTHHXHX&ref=OpenData
¾Ç¤h»O,ACADEMIC TERRACE,Á¡§ßªL¹D101¸¹,101 POK FU LAM ROAD,­»´ä,HK,1989,1989,3,·s¥@¬É,NEW WORLD,«Ç¥~ªa¦À¡B¨àµ£¹C¼Ö³õ / ¨àµ£¹CÀ¸«Ç¡B¿N¯N³õ,Swimming Pool¡BChildren Playground/Play Room¡BBarbecue Area,http://hk.centadata.com/ptest.aspx?type=2&code=TTHZZHIVHT&ref=OpenData
¹Å½÷ªá¶é,SMITHFIELD TERRACE,¤h¬ü«D¸ô71-77¸¹,71-77 SMITHFIELD,­»´ä,HK,1986,1986,4,«í°ò¥ü·~,HENDERSON LAND,,,http://hk.centadata.com/ptest.aspx?type=2&code=TTLIIHSRHT&ref=OpenData
¿«ªL°a,UNIVERSITY HEIGHTS,»Z­¸¸ô23¸¹,23 POKFIELD ROAD,­»´ä,HK,1996,1996,2,¶×Â×/ªø¦¿,HSBC/CK HUTCHISON,«Ç¥~ªa¦À¡B®á®³¯D«Ç¡B½w¶]®|¡B¶éªLªá¶é,Swimming Pool¡BSaunna Room¡BJogging Trail¡BLandscape Garden,http://hk.centadata.com/ptest.aspx?type=2&code=TTXNZHIXHT&ref=OpenData
¹Å´IÄR­b,CLOVELLY COURT,±ö¹D12¸¹,12 MAY ROAD,­»´ä,HK,1994,1994,2,·s¥@¬É,NEW WORLD,,,http://hk.centadata.com/ptest.aspx?type=2&code=TZHNTHDXHM&ref=OpenData
¦a§Q®Ú¼w»Õ,TREGUNTER,¦a§Q®Ú¼w¨½14¸¹,14 TREGUNTER PATH,­»´ä,HK,1981,1993,3,¹Å¨½,KERRY,«Ç¥~ªa¦À¡B¨àµ£¹C¼Ö³õ / ¨àµ£¹CÀ¸«Ç¡B°·¨­«Ç¡B«ö¼¯¦À¡B®á®³¯D«Ç¡B¾À²y³õ¡Bºô²y³õ¡B®b·|ÆU,Swimming Pool¡BChildren Playground/Play Room¡BGymnasium¡BJacuzzi¡BSaunna Room¡BSquash Court¡BTennis Court¡BBall Room,http://hk.centadata.com/ptest.aspx?type=2&code=TZHNZHLAHM&ref=OpenData
«Ò´º¶é,DYNASTY COURT,ÂÂ¤s³»¹D17-23¸¹,17-23 OLD PEAK ROAD,­»´ä,HK,1991,1991,5,·sÂE°ò,SUN HUNG KAI,«Ç¥~ªa¦À¡B¨àµ£¹C¼Ö³õ / ¨àµ£¹CÀ¸«Ç¡B»]®ğ¯D«Ç¡B¥â¥ã²y«Ç¡B¾À²y³õ¡Bºô²y³õ¡B®à²y«Ç¡B°ªº¸¤Ò²y½m²ß³õ¡B°·±d»R«Ç¡B¹q¸£­ôº¸¤Ò²y½m²ß«Ç,Swimming Pool¡BChildren Playground/Play Room¡BSteam Bath Room¡BTable Tennis¡BSquash Court¡BTennis Court¡BSnooker Room¡BGolf Driving Range¡BAerobic Studio¡BGolf Simulator,http://hk.centadata.com/ptest.aspx?type=2&code=TZLSZHZHHM&ref=OpenData
¹l´º»O,ROBINSON PLACE,Ã¹«K¦Ú¹D70¸¹,70 ROBINSON ROAD,­»´ä,HK,1994,1994,2,¤Ó¥j,SWIRE,«Ç¥~ªa¦À¡B°·¨­«Ç¡B¾À²y³õ¡Bºô²y³õ,Swimming Pool¡BGymnasium¡BSquash Court¡BTennis Court,http://hk.centadata.com/ptest.aspx?type=2&code=TZMNIHIXHM&ref=OpenData
±oÄ_ªá¶é,TAK BO GARDEN,¤ûÀY¨¤¹D3¸¹,3 NGAU TAU KOK ROAD,¤EÀs,KL,1984,1984,8,«í°ò,HENDERSON,«Ç¥~ªa¦À¡B¹C¼Ö³õ / ¹CÀ¸«Ç,Swimming Pool¡BPlayground/Playroom,http://hk.centadata.com/ptest.aspx?type=2&code=UCROURFHRO&ref=OpenData
¬ü§··s?,MEI FOO SUN CHUEN,¦Ê¦Ñ¶×µó22-24¸¹,22-24 BROADWAY,¤EÀs,KL,1968,1978,99,·s¥@¬É,NEW WORLD,«Ç¥~ªa¦À¡B¨àµ£¹C¼Ö³õ / ¨àµ£¹CÀ¸«Ç¡B¹C¼Ö³õ / ¹CÀ¸«Ç¡B°·¨­«Ç¡B¥â¥ã²y«Ç¡Bºô²y³õ¡BÄx²y³õ¡B«OÄÖ²y³õ¡B¹q¼v°|¡B½w¶]®|,Swimming Pool¡BChildren Playground/Play Room¡BPlayground/Playroom¡BGymnasium¡BTable Tennis¡BTennis Court¡BBasketball Court¡BBowling¡BMovie Theater¡BJogging Trail,http://hk.centadata.com/ptest.aspx?type=3&code=UDDCFRDSRR&ref=OpenData
¤S¤@©~,PARC OASIS,ºÀÄR¸ô21¸¹,21 GRANDEUR ROAD,¤EÀs,KL,1992,1995,32,·|¼wÂ×/«H©M,WHEELOCK/SINO,«Ç¥~ªa¦À¡B¨àµ£¹C¼Ö³õ / ¨àµ£¹CÀ¸«Ç¡B°·¨­«Ç¡B®á®³¯D«Ç¡B¥â¥ã²y«Ç¡B¾À²y³õ¡Bºô²y³õ¡B¾\Åª«Ç / ·Å²ß«Ç¡B®b·|ÆU,Swimming Pool¡BChildren Playground/Play Room¡BGymnasium¡BSaunna Room¡BTable Tennis¡BSquash Court¡BTennis Court¡BReading/Study Room¡BBall Room,http://hk.centadata.com/ptest.aspx?type=2&code=UDSQURJHRF&ref=OpenData
¤j¿³ªá¶é,TAI HING GARDENS,¾_¾È¸ô11¸¹,11 TSUN WEN ROAD,·s¬É¦è,NW,1989,1994,15,¤j¿³¯¼Â´/«í¶©,TAI HING COTTON MILL/HANG LUNG,«Ç¥~ªa¦À¡B¹C¼Ö³õ / ¹CÀ¸«Ç¡B»]®ğ¯D«Ç¡B¾À²y³õ¡B¦Ğ¤ò²y³õ¡B°ªº¸¤Ò²y½m²ß³õ,Swimming Pool¡BPlayground/Playroom¡BSteam Bath Room¡BSquash Court¡BBadminton Court¡BGolf Driving Range,http://hk.centadata.com/ptest.aspx?type=3&code=VCDOURFSRO&ref=OpenData
·s¤¸®Ô¤¤¤ß,SUN YUEN LONG CENTRE,®Ô¤é¸ô8¸¹,8 LONG YAT ROAD,·s¬É¦è,NW,1993,1993,5,·sÂE°ò/´äÅK,SUN HUNG KAI/MTR,«Ç¥~ªa¦À¡B¨àµ£¼^¤ô¦À¡B¨àµ£¹C¼Ö³õ / ¨àµ£¹CÀ¸«Ç¡Bºô²y³õ¡B«Î­b°±¨®³õ¡B¥­¥xªá¶é,Swimming Pool¡BChildren's Pool¡BChildren Playground/Play Room¡BTennis Court¡BCar Park¡BTerrence Garden,http://hk.centadata.com/ptest.aspx?type=2&code=VCFCFRVJRV&ref=OpenData
ªá³£¼s³õ,FLORA PLAZA,¦Ê©M¸ô88¸¹,88 PAK WO ROAD,·s¬ÉªF,NE,1995,1995,10,«í°ò/µØÀ·,HENDERSON/CHINACHEM,«Ç¥~ªa¦À¡B¹C¼Ö³õ / ¹CÀ¸«Ç¡B°·¨­«Ç¡B»]®ğ¯D«Ç¡B¾À²y³õ¡Bºô²y³õ,Swimming Pool¡BPlayground/Playroom¡BGymnasium¡BSteam Bath Room¡BSquash Court¡BTennis Court,http://hk.centadata.com/ptest.aspx?type=2&code=VJOVQRSERQ&ref=OpenData
¤W¤ô¤¤¤ß,SHEUNG SHUI CENTRE,´¼©÷¸ô3¸¹,3 CHI CHEONG ROAD,·s¬ÉªF,NE,1993,1993,6,«í°ò,HENDERSON,«Ç¥~ªa¦À¡B¨àµ£¼^¤ô¦À¡B¨àµ£¹C¼Ö³õ / ¨àµ£¹CÀ¸«Ç¡Bºô²y³õ,Swimming Pool¡BChildren's Pool¡BChildren Playground/Play Room¡BTennis Court,http://hk.centadata.com/ptest.aspx?type=2&code=VJURURFRRQ&ref=OpenData
¹Å´ò¤s²ø,KINGSWOOD VILLAS,¤Ñ´ò¸ô1¸¹,1 TIN WU ROAD,·s¬É¦è,NW,1991,1997,58,ªø¦¿,CK HUTCHISON,«Ç¤ºªa¦À¡B«Ç¥~ªa¦À¡B¨àµ£¹C¼Ö³õ / ¨àµ£¹CÀ¸«Ç¡B¹C¼Ö³õ / ¹CÀ¸«Ç¡B°·¨­«Ç¡B®á®³¯D«Ç¡B»]®ğ¯D«Ç¡B¥â¥ã²y«Ç¡B¾À²y³õ¡Bºô²y³õ¡B®à²y«Ç¡B«OÄÖ²y³õ¡B¿N¯N³õ¡B¾\Åª«Ç / ·Å²ß«Ç¡B®b·|ÆU¡B¤Ó·¥°é¡B»RÁĞ«Ç¡B³Â³¶©Ğ,Indoor Swimming Pool¡BSwimming Pool¡BChildren Playground/Play Room¡BPlayground/Playroom¡BGymnasium¡BSaunna Room¡BSteam Bath Room¡BTable Tennis¡BSquash Court¡BTennis Court¡BSnooker Room¡BBowling¡BBarbecue Area¡BReading/Study Room¡BBall Room¡BTai Chi Circle¡BDance Studio¡BMarjong,http://hk.centadata.com/ptest.aspx?type=3&code=VOOFFRFARR&ref=OpenData
¬MÆW¶é,CARIBBEAN COAST,¤åªF¸ô,MAN TUNG ROAD,·s¬É¦è,NW,2002,2011,69,ªø¦¿/©M°O/´äÅK,CK HUTCHISON/HUTCHISN WHAMPOA/MTR,«Ç¤ºªa¦À¡B«Ç¥~ªa¦À¡B¨àµ£¼^¤ô¦À¡B¨àµ£¹C¼Ö³õ / ¨àµ£¹CÀ¸«Ç¡B°·¨­«Ç¡B«ö¼¯¦À¡B®á®³¯D«Ç¡B»]®ğ¯D«Ç¡B¥â¥ã²y«Ç¡B¾À²y³õ¡Bºô²y³õ¡BÄx²y³õ¡B®à²y«Ç¡B«OÄÖ²y³õ¡B¥d©ÔOK«Ç¡B¿N¯N³õ¡B¨FÅy±Æ²y³õ¡B°ªº¸¤Ò²y½m²ß³õ¡B­µ¼Ö«Ç¡B¾\Åª«Ç / ·Å²ß«Ç¡B¹q¸£«Ç¡B¯D¨¬¦À / °·¨¬«ö¼¯«Ç¡B½w¶]®|¡B®b·|ÆU¡B°g§A°s§a¡BÃk¥Û½m²ß³õ¡B¤Ó·¥°é¡B¬ü®e¤¤¤ß¡B°·±d»R«Ç¡B¼Ò«¬ÁÉ¨®,Indoor Swimming Pool¡BSwimming Pool¡BChildren's Pool¡BChildren Playground/Play Room¡BGymnasium¡BJacuzzi¡BSaunna Room¡BSteam Bath Room¡BTable Tennis¡BSquash Court¡BTennis Court¡BBasketball Court¡BSnooker Room¡BBowling¡BKaraoke Room¡BBarbecue Area¡BBeach Volleyball Court¡BGolf Driving Range¡BMusic Room¡BReading/Study Room¡BComputer Room¡BFoot Massage¡BJogging Trail¡BBall Room¡BMnin Bar¡BRock Climbing¡BTai Chi Circle¡BBeauty Salon¡BAerobic Studio¡BModel Car Racing,http://hk.centadata.com/ptest.aspx?type=3&code=WBPPWPPEPP&ref=OpenData
ÂÅ¤Ñ®ü©¤,COASTAL SKYLINE,®üÀØ¸ô12¸¹,12 TUNG CHUNG WATERFRONT ROAD,·s¬É¦è,NW,2002,2007,54,­»´ä¿³·~/´äÅK¤Î¨ä¥L,HKR INTERNATIONAL/MTR & OTHERS,«Ç¤ºªa¦À¡B«Ç¥~ªa¦À¡B¨àµ£¼^¤ô¦À¡B¨àµ£¹C¼Ö³õ / ¨àµ£¹CÀ¸«Ç¡B°·¨­«Ç¡B«ö¼¯¦À¡B¤é¥ú¯D³õ¡B®á®³¯D«Ç¡B»]®ğ¯D«Ç¡B¥â¥ã²y«Ç¡B¾À²y³õ¡Bºô²y³õ¡BÄx²y³õ¡B¦Ğ¤ò²y³õ¡B«OÄÖ²y³õ¡B¥d©ÔOK«Ç¡B¿N¯N³õ¡B­µ¼Ö«Ç¡B¾\Åª«Ç / ·Å²ß«Ç¡B¹Ï®ÑÀ]¡B½w¶]®|¡B®b·|ÆU¡B°·±d»R«Ç,Indoor Swimming Pool¡BSwimming Pool¡BChildren's Pool¡BChildren Playground/Play Room¡BGymnasium¡BJacuzzi¡BSolarium¡BSaunna Room¡BSteam Bath Room¡BTable Tennis¡BSquash Court¡BTennis Court¡BBasketball Court¡BBadminton Court¡BBowling¡BKaraoke Room¡BBarbecue Area¡BMusic Room¡BReading/Study Room¡BLibrary¡BJogging Trail¡BBall Room¡BAerobic Studio,http://hk.centadata.com/ptest.aspx?type=3&code=WBPPWPPHPP&ref=OpenData
¬ÄÄRÆW,PARK ISLAND,¬ÄÄR¸ô8¸¹,8 PAK LAI ROAD,·s¬É¦è,NW,2002,2009,31,·sÂE°ò,SUN HUNG KAI,«Ç¤ºªa¦À¡B«Ç¥~ªa¦À¡B¨àµ£¼^¤ô¦À¡B¨àµ£¹C¼Ö³õ / ¨àµ£¹CÀ¸«Ç¡B°·¨­«Ç¡B«ö¼¯¦À¡B®á®³¯D«Ç¡B»]®ğ¯D«Ç¡B¾À²y³õ¡Bºô²y³õ¡BÄx²y³õ¡B¦Ğ¤ò²y³õ¡B®à²y«Ç¡B«OÄÖ²y³õ¡B¿N¯N³õ¡B¥i¾iª¯¡B°ªº¸¤Ò²y½m²ß³õ¡B­µ¼Ö«Ç¡B¾\Åª«Ç / ·Å²ß«Ç¡B¹Ï®ÑÀ]¡B¹q¸£«Ç¡B®b·|ÆU¡B¬ü®e¤¤¤ß¡B»RÁĞ«Ç¡B­»ÂÈ¤ôÀø,Indoor Swimming Pool¡BSwimming Pool¡BChildren's Pool¡BChildren Playground/Play Room¡BGymnasium¡BJacuzzi¡BSaunna Room¡BSteam Bath Room¡BSquash Court¡BTennis Court¡BBasketball Court¡BBadminton Court¡BSnooker Room¡BBowling¡BBarbecue Area¡BPet Friendly¡BGolf Driving Range¡BMusic Room¡BReading/Study Room¡BLibrary¡BComputer Room¡BBall Room¡BBeauty Salon¡BDance Studio¡BArome Spa,http://hk.centadata.com/ptest.aspx?type=3&code=WDPPWPPEPB&ref=OpenData
¨F¥Ğ¤¤¤ß,SHATIN CENTRE,¾îéPµó2-16¸¹,2-16 WANG POK STREET,·s¬ÉªF,NE,1981,1981,8,«í°ò,HENDERSON,«Ç¥~ªa¦À¡B¨àµ£¹C¼Ö³õ / ¨àµ£¹CÀ¸«Ç¡B¦Ğ¤ò²y³õ,Swimming Pool¡BChildren Playground/Play Room¡BBadminton Court,http://hk.centadata.com/ptest.aspx?type=2&code=XSDTIHLYHT&ref=OpenData
¨F¥Ğ²Ä¤@«°,CITY ONE SHATIN,±o§Qµó4¸¹,4 TAK LEE STREET,·s¬ÉªF,NE,1980,1987,52,ªø¦¿/·sÂE°ò/·s¥@¬É/«í°ò,CK HUTCHISON/SUN HUNG KAI/NEW WORLD/HENDERSON,«Ç¥~ªa¦À¡B¨àµ£¹C¼Ö³õ / ¨àµ£¹CÀ¸«Ç¡B°·¨­«Ç¡B¾À²y³õ¡Bºô²y³õ¡BÄx²y³õ,Swimming Pool¡BChildren Playground/Play Room¡BGymnasium¡BSquash Court¡BTennis Court¡BBasketball Court,http://hk.centadata.com/ptest.aspx?type=3&code=XSHNIHSXHT&ref=OpenData
·s´ä«°,SUNSHINE CITY,¾b¸Ûµó18¸¹,18 ON SHING STREET,·s¬ÉªF,NE,1993,1996,20,«í°ò,HENDERSON,«Ç¥~ªa¦À¡B¹C¼Ö³õ / ¹CÀ¸«Ç¡B°·¨­«Ç¡B»]®ğ¯D«Ç¡B¾À²y³õ¡Bºô²y³õ¡B°ªº¸¤Ò²y½m²ß³õ,Swimming Pool¡BPlayground/Playroom¡BGymnasium¡BSteam Bath Room¡BSquash Court¡BTennis Court¡BGolf Driving Range,http://hk.centadata.com/ptest.aspx?type=3&code=XSHNIHZXHN&ref=OpenData
»ÈÁHªá¶é,JUBILEE GARDEN,¼Ö´ºµó2-18¸¹,2-18 LOK KING STREET,·s¬ÉªF,NE,1985,1986,9,ªø¦¿,CK HUTCHISON,«Ç¥~ªa¦À¡B¹C¼Ö³õ / ¹CÀ¸«Ç¡B®á®³¯D«Ç¡B¥â¥ã²y«Ç¡Bºô²y³õ¡BÄx²y³õ,Swimming Pool¡BPlayground/Playroom¡BSaunna Room¡BTable Tennis¡BTennis Court¡BBasketball Court,http://hk.centadata.com/ptest.aspx?type=2&code=XSHSTHZHHT&ref=OpenData
°¨¾b¤s¤¤¤ß,MA ON SHAN CENTRE,¾bÂ@µó1¸¹,1 ON CHUN STREET,·s¬ÉªF,NE,1994,1994,4,«nÂ×,NAN FUNG,«Ç¥~ªa¦À¡B°·¨­«Ç,Swimming Pool¡BGymnasium,http://hk.centadata.com/ptest.aspx?type=2&code=XSSHIHXHHN&ref=OpenData
¶®¨å©~,VILLA ATHENA,¦è¨F¸ô600¸¹,600 SAI SHA ROAD,·s¬ÉªF,NE,1994,1994,10,·sÂE°ò,SUN HUNG KAI,«Ç¥~ªa¦À¡B¨àµ£¹C¼Ö³õ / ¨àµ£¹CÀ¸«Ç¡B°·¨­«Ç¡B®á®³¯D«Ç¡Bºô²y³õ¡B«Î­b°±¨®³õ,Swimming Pool¡BChildren Playground/Play Room¡BGymnasium¡BSaunna Room¡BTennis Court¡BCar Park,http://hk.centadata.com/ptest.aspx?type=2&code=XSTNTHIOHN&ref=OpenData
ºû´ºÆW¯`,OCEAN SHORES,¿D´º¸ô88¸¹,88 O KING ROAD,¤EÀs,KL,2000,2003,15,¤Ó¥j/·sÂE°ò,SWIRE/SUN HUNG KAI,«Ç¥~ªa¦À¡B¨àµ£¼^¤ô¦À¡B¨àµ£¹C¼Ö³õ / ¨àµ£¹CÀ¸«Ç¡B°·¨­«Ç¡B«ö¼¯¦À¡B¤é¥ú¯D³õ¡B®á®³¯D«Ç¡B»]®ğ¯D«Ç¡B¾À²y³õ¡Bºô²y³õ¡B®à²y«Ç¡B«OÄÖ²y³õ¡B°ªº¸¤Ò²y½m²ß³õ¡B¹Ï®ÑÀ]¡B°·±d»R«Ç¡B¹q¸£­ôº¸¤Ò²y½m²ß«Ç,Swimming Pool¡BChildren's Pool¡BChildren Playground/Play Room¡BGymnasium¡BJacuzzi¡BSolarium¡BSaunna Room¡BSteam Bath Room¡BSquash Court¡BTennis Court¡BSnooker Room¡BBowling¡BGolf Driving Range¡BLibrary¡BAerobic Studio¡BGolf Simulator,http://hk.centadata.com/ptest.aspx?type=3&code=YAPPWPPEPA&ref=OpenData
·s³£«°,THE METRO CITY,¶T·~¸ô8¸¹,8 MAU YIP ROAD,¤EÀs,KL,1996,2000,21,«í°ò,HENDERSON LAND,«Ç¤ºªa¦À¡B«Ç¥~ªa¦À¡B¨àµ£¹C¼Ö³õ / ¨àµ£¹CÀ¸«Ç¡B°·¨­«Ç¡B«ö¼¯¦À¡B®á®³¯D«Ç¡B»]®ğ¯D«Ç¡B¥â¥ã²y«Ç¡B¾À²y³õ¡Bºô²y³õ¡B®à²y«Ç¡B«OÄÖ²y³õ¡B¥d©ÔOK«Ç¡B¥i¾iª¯¡B­µ¼Ö«Ç¡B®b·|ÆU¡B°g§A°s§a¡B¤Ó·¥°é¡B»RÁĞ«Ç¡B¹q¸£­ôº¸¤Ò²y½m²ß«Ç,Indoor Swimming Pool¡BSwimming Pool¡BChildren Playground/Play Room¡BGymnasium¡BJacuzzi¡BSaunna Room¡BSteam Bath Room¡BTable Tennis¡BSquash Court¡BTennis Court¡BSnooker Room¡BBowling¡BKaraoke Room¡BPet Friendly¡BMusic Room¡BBall Room¡BMnin Bar¡BTai Chi Circle¡BDance Studio¡BGolf Simulator,http://hk.centadata.com/ptest.aspx?type=3&code=YAPPWPPEPG&ref=OpenData
±N­x¿D¤¤¤ß,PARK CENTRAL,­ğ¼wµó,9 TONG TAK STREET,¤EÀs,KL,2002,2005,12,·sÂE°ò¦a²£/«í°ò¥ü·~/µØÀ·/«nÂ×/´äÅK,SUN HUNG KAI/HENDERSON LAND/CHINACHEM/NAN FUNG/MTR,«Ç¤ºªa¦À¡B«Ç¥~ªa¦À¡B¨àµ£¼^¤ô¦À¡B¨àµ£¹C¼Ö³õ / ¨àµ£¹CÀ¸«Ç¡B°·¨­«Ç¡B«ö¼¯¦À¡B®á®³¯D«Ç¡B»]®ğ¯D«Ç¡B¥â¥ã²y«Ç¡B¾À²y³õ¡Bºô²y³õ¡B®à²y«Ç¡B«OÄÖ²y³õ¡B¿N¯N³õ¡B­µ¼Ö«Ç¡B¾\Åª«Ç / ·Å²ß«Ç¡B¹q¸£«Ç¡B®b·|ÆU¡B°·±d»R«Ç,Indoor Swimming Pool¡BSwimming Pool¡BChildren's Pool¡BChildren Playground/Play Room¡BGymnasium¡BJacuzzi¡BSaunna Room¡BSteam Bath Room¡BTable Tennis¡BSquash Court¡BTennis Court¡BSnooker Room¡BBowling¡BBarbecue Area¡BMusic Room¡BReading/Study Room¡BComputer Room¡BBall Room¡BAerobic Studio,http://hk.centadata.com/ptest.aspx?type=3&code=YAPPWPPEPY&ref=OpenData
